nct_id,title,status,study_type,phase,enrollment,sponsor,texas_cities,start_date,completion_date
NCT01079325,Clinical Trial of SB-509 in Subjects With Diabetic Neuropathy,COMPLETED,INTERVENTIONAL,PHASE2,170,Sangamo Therapeutics,"Dallas, Houston, San Antonio",2009-11,2016-04
NCT07228117,GATEWAY: Safety Evaluation of the MiniMed™ NMX8-AID System in Children and Adults Living With Diabetes,RECRUITING,INTERVENTIONAL,NA,400,"Medtronic MiniMed, Inc.","Austin, Denton, McKinney",2026-02-02,2027-01
NCT00601250,Efficacy and Safety of B I1356 (Linagliptin) vs. Placebo Added to Metformin Background Therapy in Patients With Type 2 Diabetes,COMPLETED,INTERVENTIONAL,PHASE3,701,Boehringer Ingelheim,"Dallas, Houston, San Antonio",2008-01,
NCT02542631,Glycemic Control and Treatment Satisfaction Using Finesse Versus Pen for Initiating Bolus Insulin Dosing in Type 2 Diabetes Patients,COMPLETED,INTERVENTIONAL,NA,278,"Calibra Medical, Inc.","Austin, Dallas, San Antonio",2015-08-01,2017-08-31
NCT02787551,"Efficacy and Safety of the Insulin Glargine/Lixisenatide Fixed Ratio Combination (FRC) Versus GLP-1 Receptor Agonist in Patients With Type 2 Diabetes, With a FRC Extension Period",COMPLETED,INTERVENTIONAL,PHASE3,514,Sanofi,"Austin, Dallas, Edinburg, Houston, North Richland Hills, San Antonio, Schertz, Shavano Park, Sugar Land",2016-07-06,2018-11-17
NCT00821977,Efficacy and Long-Term Safety of Vildagliptin as Monotherapy in Patients With Type 2 Diabetes,COMPLETED,INTERVENTIONAL,"PHASE2, PHASE3",338,Novartis,"Addison, Beaumont, Bryan, Dallas, El Paso, Houston, Irving, Lake Jackson, McAllen, New Braunfels, North Richland Hills, Odessa, Pasadena, Pearland, San Antonio",2008-11,2010-10
NCT01455896,A Study to Evaluate Cardiovascular Outcomes in Patients With Type 2 Diabetes Treated With ITCA 650,COMPLETED,INTERVENTIONAL,PHASE3,4156,Intarcia Therapeutics,"Austin, Dallas, San Antonio",2013-03,2016-03
NCT02451137,"A ""Real World"" Trial to Determine Efficacy and Health Outcomes of Toujeo (ACHIEVE CONTROL REAL LIFE STUDY PROGRAM)",COMPLETED,INTERVENTIONAL,PHASE4,3304,Sanofi,"Amarillo, Corpus Christi, Dallas, El Paso, Fort Worth, Houston, Humble, Irving, Lampasas, Lubbock, McAllen, Mesquite, Missouri City, Palestine, Pharr, Plano, Port Arthur, Richmond, San Antonio, Schertz, Sealy, Sugar Land, Waco, Waxahachie, Webster",2015-06-16,2018-08-09
NCT01923181,"Multiple Dose Trial Examining Dose Range, Escalation and Efficacy of Oral Semaglutide in Subjects With Type 2 Diabetes",COMPLETED,INTERVENTIONAL,PHASE2,632,Novo Nordisk A/S,"Dallas, San Antonio, Sugar Land",2013-12-02,2014-12-11
NCT01414920,Efficacy and Safety of TAK-875 in Combination With Sitagliptin in Participants With Type 2 Diabetes Mellitus,COMPLETED,INTERVENTIONAL,PHASE2,368,Takeda,"Dallas, Houston, Irving, North Richland Hills, Pearland, San Antonio",2011-08,2012-08
NCT02558296,Bexagliflozin Efficacy and Safety Trial,COMPLETED,INTERVENTIONAL,PHASE3,1700,Theracos,"Austin, Dallas, Kingwood, Lampasas, Lewisville, North Richland Hills, San Antonio",2015-10,2019-10-23
NCT00424762,Effect of Rosiglitazone Versus Placebo on Cardiovascular Performance and Myocardial Triglyceride,COMPLETED,INTERVENTIONAL,PHASE4,150,University of Texas Southwestern Medical Center,Dallas,2005-02,2007-04
NCT01068730,Bioequivalence Study of 500 mg and 1000 mg Glucophage (Metformin) Tablets in Healthy Subjects,COMPLETED,INTERVENTIONAL,PHASE1,28,AstraZeneca,Austin,2010-02,2010-04
NCT05785832,A Randomized Trial Evaluating Control-IQ+ Technology in Adults With Type 2 Diabetes,COMPLETED,INTERVENTIONAL,NA,319,"Tandem Diabetes Care, Inc.","Austin, Dallas",2023-06-01,2024-09-24
NCT00425919,Study Evaluating PPM-204 In Subjects With Type 2 Diabetes,TERMINATED,INTERVENTIONAL,PHASE2,500,Wyeth is now a wholly owned subsidiary of Pfizer,Austin,2007-01,2007-10
NCT01042106,"Safety, Pharmacokinetics and Pharmacodynamics of DSP-8658 in Patients With Type 2 Diabetes Mellitus and Healthy Adults",COMPLETED,INTERVENTIONAL,PHASE1,40,"Sumitomo Pharma America, Inc.",San Antonio,2009-11,2010-07
NCT02420262,A Clinical Trial Comparing Efficacy and Safety of Insulin Degludec/Liraglutide (IDegLira) Versus Basal-bolus Therapy in Subjects With Type 2 Diabetes Mellitus,COMPLETED,INTERVENTIONAL,PHASE3,506,Novo Nordisk A/S,"Houston, San Antonio, Sugar Land",2015-07-26,2016-10-05
NCT06660173,A Study of Maridebart Cafraglutide in Adult Participants With Type 2 Diabetes Mellitus (T2DM),ACTIVE_NOT_RECRUITING,INTERVENTIONAL,PHASE2,409,Amgen,"Austin, Dallas, Houston, Mesquite, Round Rock, San Antonio, Tomball",2024-11-07,2026-11-10
NCT01609582,Study of TAK-875 in Adults With Type 2 Diabetes and Cardiovascular Disease or Risk Factors for Cardiovascular Disease,TERMINATED,INTERVENTIONAL,PHASE3,3207,Takeda,"Austin, Carrollton, Dallas, Fort Worth, Houston, Irving, Katy, Midland, Odessa, Pearland, San Antonio, Spring, Tomball, Victoria",2012-06,2014-05
NCT06593327,NT-ProBNP-based Heart Failure Screening and Prevention Trial in Patients With Type 2 Diabetes: STRONG-DM Study,RECRUITING,INTERVENTIONAL,NA,300,University of Texas Southwestern Medical Center,Dallas,2025-02-10,2027-12-15
NCT03730662,A Study of Tirzepatide (LY3298176) Once a Week Versus Insulin Glargine Once a Day in Participants With Type 2 Diabetes and Increased Cardiovascular Risk,COMPLETED,INTERVENTIONAL,PHASE3,2002,Eli Lilly and Company,"Dallas, Houston, San Antonio, Shavano Park, Tomball",2018-11-20,2021-04-22
NCT02683746,Safety and Efficacy Study of Albiglutide Liquid Drug Product in Type 2 Diabetes Mellitus,COMPLETED,INTERVENTIONAL,PHASE3,308,GlaxoSmithKline,"Arlington, Dallas, Houston, Katy, Pharr, San Antonio, Schertz, Spring",2016-03-16,2017-05-15
NCT01691989,A Study of Aleglitazar in Combination With Metformin in Patients With Type 2 Diabetes Mellitus Who Are Inadequately Controlled With Sulfonylurea Alone or Sulfonylurea Plus Metformin Therapy,COMPLETED,INTERVENTIONAL,PHASE3,197,Hoffmann-La Roche,Dallas,2012-12,2013-09
NCT02072096,A Comparison of Two Treatment Strategies in Older Participants With Type 2 Diabetes Mellitus (T2DM),TERMINATED,INTERVENTIONAL,PHASE4,192,Eli Lilly and Company,Dallas,2014-02,2015-10
NCT05238142,In-Home Study With MiniMed™ 780G Pump Automated Control in Type 2-Evaluation of the AHCL System in Adults With Insulin-requiring Type 2 Diabetes,COMPLETED,INTERVENTIONAL,NA,574,"Medtronic MiniMed, Inc.","Austin, Conroe, Dallas, Flower Mound, Houston, McKinney",2022-02-25,2025-01-11
NCT04867785,A Study of LY3437943 in Participants With Type 2 Diabetes,COMPLETED,INTERVENTIONAL,PHASE2,281,Eli Lilly and Company,"Dallas, Fort Worth, Houston, Mesquite, North Richland Hills",2021-05-13,2022-10-27
NCT03811561,A Research Study to Look at How Semaglutide Compared to Placebo Affects Diabetic Eye Disease in People With Type 2 Diabetes,ACTIVE_NOT_RECRUITING,INTERVENTIONAL,PHASE3,1500,Novo Nordisk A/S,"Austin, Dallas, San Antonio, Shavano Park, Sugar Land",2019-05-08,2027-11-07
NCT04595370,"Efficacy, Safety and Tolerability of AZD9977 and Dapagliflozin in Participants With Heart Failure and Chronic Kidney Disease",COMPLETED,INTERVENTIONAL,PHASE2,153,AstraZeneca,"Houston, Kingwood, McKinney, San Antonio, Sherman, Webster",2021-01-26,2023-09-22
NCT01499082,Comparison of a New Formulation of Insulin Glargine With Lantus in Patients With Type 2 Diabetes Mellitus on Basal Plus Mealtime Insulin,COMPLETED,INTERVENTIONAL,PHASE3,807,Sanofi,"Austin, Dallas, Houston, Hurst",2011-12,2013-09
NCT07197775,Post-market SUrveiLlance RegiStry for the Endogenex System (Endogenex PULSE Registry),ENROLLING_BY_INVITATION,OBSERVATIONAL,,500,"Endogenex, Inc.",Houston,2026-03-11,2032-05
NCT00950677,The Effect of Byetta and Symlin on Post-meal Meal Blood Sugar Levels in Children With Type 2 Diabetes,COMPLETED,INTERVENTIONAL,PHASE4,16,Baylor College of Medicine,Houston,2009-07,2011-05
NCT06897475,A Study of LY3457263 Compared With Placebo in Participants With Type 2 Diabetes on a Stable Dose of Semaglutide or Tirzepatide,RECRUITING,INTERVENTIONAL,PHASE2,240,Eli Lilly and Company,"Houston, Mesquite, Round Rock, Shavano Park, Weslaco",2025-03-28,2027-01
NCT05048719,A Study of LY3502970 in Participants With Type 2 Diabetes Mellitus,COMPLETED,INTERVENTIONAL,PHASE2,383,Eli Lilly and Company,"Dallas, Houston, San Antonio, Shavano Park",2021-09-15,2022-09-30
NCT00458029,Middle-School Based Primary Prevention Trial of Type 2 Diabetes,COMPLETED,INTERVENTIONAL,NA,4603,National Institute of Diabetes and Digestive and Kidney Diseases (NIDDK),"Houston, San Antonio",2006-08,2011-02
NCT00806338,"An Ascending Multi-Dose, Tolerance and Pharmacokinetic Study in Obese or Overweight Type 2 Diabetic Volunteers",COMPLETED,INTERVENTIONAL,PHASE1,22,Genaera Corporation,San Antonio,2008-11,2009-04
NCT01421459,A Study in Adults With Type 2 Diabetes,COMPLETED,INTERVENTIONAL,PHASE3,759,Eli Lilly and Company,"Dallas, Houston, Hurst, Longview, Plano, San Antonio",2011-09,2012-09
NCT00368368,A Study of the Effect of Renal Impairment on the Activity of GK Activator (2) in Patients With Type 2 Diabetes.,COMPLETED,INTERVENTIONAL,PHASE1,5,Hoffmann-La Roche,"Austin, Dallas, San Antonio",2006-01,2007-08
NCT01326026,Comparing the Efficacy and Safety of NN1250 Once Daily When Titrated Using 2 Different Algorithms in Insulin naïve Subjects With Type 2 Diabetes Mellitus,COMPLETED,INTERVENTIONAL,PHASE3,222,Novo Nordisk A/S,"Houston, Killeen, San Antonio",2011-03,2011-12
NCT00560417,Comparison of Two Basal Insulins for Patients With Type 2 Diabetes Taking Oral Diabetes Medicines and Exenatide,COMPLETED,INTERVENTIONAL,PHASE3,339,Eli Lilly and Company,"Austin, Dallas, San Antonio",2007-11,2009-12
NCT01144338,Exenatide Study of Cardiovascular Event Lowering Trial (EXSCEL): A Trial To Evaluate Cardiovascular Outcomes After Treatment With Exenatide Once Weekly In Patients With Type 2 Diabetes Mellitus,COMPLETED,INTERVENTIONAL,PHASE3,14752,AstraZeneca,"Arlington, Dallas, El Paso, Friendswood, Houston, San Antonio, Webster",2010-06-18,2017-04-24
NCT02547935,"A Study to Evaluate the Effect of Dapagliflozin With and Without Saxagliptin on Albuminuria, and to Investigate the Effect of Dapagliflozin and Saxagliptin on HbA1c in Patients With Type 2 Diabetes and CKD",COMPLETED,INTERVENTIONAL,"PHASE2, PHASE3",459,AstraZeneca,"Brownsville, Cypress, Houston, San Antonio, Sugar Land",2015-09-21,2018-05-18
NCT05486065,A Research Study to Look Into How Well Semaglutide Medicine Works at Different Doses in People With Type 2 Diabetes and Overweight,COMPLETED,INTERVENTIONAL,PHASE2,245,Novo Nordisk A/S,"Amarillo, Dallas, San Antonio, Shavano Park, Sugar Land, Waco",2022-08-08,2023-12-13
NCT00984867,Dapagliflozin DPPIV Inhibitor add-on Study,COMPLETED,INTERVENTIONAL,PHASE3,833,AstraZeneca,"Corpus Christi, Dallas, North Richland Hills, San Antonio",2009-10,2011-09
NCT01027871,A Study for Patients With Type 2 Diabetes,COMPLETED,INTERVENTIONAL,PHASE2,289,Eli Lilly and Company,Dallas,2010-01,2011-01
NCT01394952,Researching Cardiovascular Events With a Weekly Incretin in Diabetes (REWIND),COMPLETED,INTERVENTIONAL,PHASE3,9901,Eli Lilly and Company,"Dallas, Houston, Lubbock",2011-07-22,2018-08-21
NCT01846377,Video Games for Obesity and Diabetes Prevention-Diab & Nano,COMPLETED,INTERVENTIONAL,NA,200,Baylor College of Medicine,Houston,2014-04,2017-12
NCT05390892,PREvention of CardIovascular and DiabEtic kidNey Disease in Type 2 Diabetes,RECRUITING,INTERVENTIONAL,PHASE4,6000,Brigham and Women's Hospital,"Katy, McKinney",2022-09-26,2029-03-01
NCT00962065,Study of LX4211 in Subjects With Type 2 Diabetes Mellitus,COMPLETED,INTERVENTIONAL,PHASE2,36,Lexicon Pharmaceuticals,San Antonio,2009-08,
NCT00135330,An Evaluation of Exenatide and Rosiglitazone in Subjects With Type 2 Diabetes Mellitus,COMPLETED,INTERVENTIONAL,PHASE3,137,AstraZeneca,"League City, New Braunfels, San Antonio",2005-10,2008-07
NCT03731637,A Study to Establish a New Onset Hyperglycemia and Diabetes Cohort,TERMINATED,OBSERVATIONAL,,2269,Fred Hutchinson Cancer Center,Houston,2018-10-15,2025-03-31
NCT00354536,In-patient Study With GSK716155 In Patients With Type 2 Diabetes Mellitus,COMPLETED,INTERVENTIONAL,PHASE2,60,GlaxoSmithKline,San Antonio,2006-02,2006-09
NCT01049412,A Study for Patients With Type 1 Diabetes,COMPLETED,INTERVENTIONAL,PHASE2,138,Eli Lilly and Company,"Austin, Dallas",2010-01,2011-01
NCT01318564,Diabetic Treatment Adherence,COMPLETED,OBSERVATIONAL,,28,M.D. Anderson Cancer Center,Houston,2011-03,2016-08
NCT01377844,Efficacy and Safety of EGT0001442 in Patients With Type 2 Diabetes Mellitus,COMPLETED,INTERVENTIONAL,PHASE2,288,Theracos,"North Richland Hills, San Antonio",2011-12,2013-12
NCT03404700,Determining Dietary Pattern Accompanying Egg Intake Using Remote Food Photography Method,COMPLETED,INTERVENTIONAL,NA,48,Texas Tech University,Lubbock,2018-05-22,2018-10-03
NCT02320721,Comparison of the Safety and Efficacy of HOE901-U300 With Lantus in Older Patients With Type2 Diabetes Insufficiently Controlled on Their Current Antidiabetic Medications,COMPLETED,INTERVENTIONAL,PHASE3,1014,Sanofi,"Arlington, Dallas, Irving, North Richland Hills, Richmond, San Antonio",2015-01,2016-05
NCT06109311,"A Study of Orforglipron (LY3502970) in Participants With Type 2 Diabetes and Inadequate Glycemic Control With Insulin Glargine, With or Without Metformin and/or SGLT-2 Inhibitor",COMPLETED,INTERVENTIONAL,PHASE3,546,Eli Lilly and Company,"Shavano Park, Weslaco",2023-11-10,2025-09-15
NCT05144984,A Research Study Looking at How Well a Combination of the Medicines Semaglutide and NNC0480-0389 Works in People With Type 2 Diabetes,COMPLETED,INTERVENTIONAL,PHASE2,500,Novo Nordisk A/S,"Dallas, Houston, San Antonio, Shavano Park, Sugar Land",2021-11-29,2023-03-23
NCT06173804,Multilevel Lifestyle Intervention to Improve Physical Function in Older Adults With Type 2 Diabetes,COMPLETED,INTERVENTIONAL,NA,20,The University of Texas Health Science Center at San Antonio,San Antonio,2024-07-22,2025-08-01
NCT01179048,Liraglutide Effect and Action in Diabetes: Evaluation of Cardiovascular Outcome Results,COMPLETED,INTERVENTIONAL,PHASE3,9341,Novo Nordisk A/S,"Arlington, Corpus Christi, Dallas, Houston, Longview, Lubbock, Odessa, San Antonio, Schertz, Tomball",2010-08-31,2015-12-17
NCT05572814,"Transform: Teaching, Technology, and Teams",UNKNOWN,INTERVENTIONAL,NA,750,American College of Cardiology,Amarillo,2022-09-30,2023-12-31
NCT02413398,A Study to Evaluate the Effect of Dapagliflozin on Blood Glucose Level and Renal Safety in Patients With Type 2 Diabetes,COMPLETED,INTERVENTIONAL,PHASE3,321,AstraZeneca,"Houston, San Antonio",2015-06-15,2017-11-07
NCT00151749,WelChol® and Insulin in Treating Patients With Type 2 Diabetes,COMPLETED,INTERVENTIONAL,PHASE3,260,Daiichi Sankyo,"Dallas, Houston, Midland, San Antonio",2004-06,2005-12
NCT00901979,A 12 Week Study in Patients With Type 2 Diabetes Mellitus (T2DM),COMPLETED,INTERVENTIONAL,PHASE2,693,Novartis Pharmaceuticals,"Dallas, Houston",2009-04,2010-06
NCT01582451,A Study of LY2605541 in Participants With Type 2 Diabetes Mellitus,COMPLETED,INTERVENTIONAL,PHASE3,466,Eli Lilly and Company,"Austin, Dallas, Round Rock",2012-05,2013-12
NCT04982575,Research Study to Look at How Well Cagrilintide Together With Semaglutide Works in People With Type 2 Diabetes,COMPLETED,INTERVENTIONAL,PHASE2,92,Novo Nordisk A/S,"Dallas, Houston, Longview",2021-08-02,2022-07-07
NCT02612675,Glycemic Response to Oral Nutrition Supplements,COMPLETED,INTERVENTIONAL,NA,13,Société des Produits Nestlé (SPN),San Antonio,2013-01,2013-02
NCT01376557,Safety and Efficacy of LX4211 With Metformin in Type 2 Diabetes Patients With Inadequate Glycemic Control on Metformin,COMPLETED,INTERVENTIONAL,PHASE2,299,Lexicon Pharmaceuticals,"Austin, Dallas, Houston, Killeen, San Antonio, Tomball",2011-06,2012-05
NCT02863328,Efficacy and Safety of Oral Semaglutide Versus Empagliflozin in Subjects With Type 2 Diabetes Mellitus,COMPLETED,INTERVENTIONAL,PHASE3,822,Novo Nordisk A/S,"Arlington, Dallas, Houston, Katy, San Antonio",2016-08-10,2018-03-08
NCT00679939,Study In Postmenopausal Women With Type 2 Diabetes Looking At Approved Diabetes Drugs And How They Affect Bone Health,COMPLETED,INTERVENTIONAL,PHASE4,226,GlaxoSmithKline,San Antonio,2008-04-21,2010-09-16
NCT07668336,A Study of Orforglipron (LY3502970) Compared With Dulaglutide in Pediatric Participants With Type 2 Diabetes,NOT_YET_RECRUITING,INTERVENTIONAL,PHASE3,170,Eli Lilly and Company,"Beaumont, Corpus Christi, Edinburg, Shavano Park, Victoria",2026-09,2030-03
NCT02019264,A Study to Evaluate the Effect of Long-term Treatment With BELVIQ (Lorcaserin HCl) on the Incidence of Major Adverse Cardiovascular Events and Conversion to Type 2 Diabetes Mellitus in Obese and Overweight Subjects With Cardiovascular Disease or Multiple Cardiovascular Risk Factors,COMPLETED,INTERVENTIONAL,PHASE4,14673,Eisai Inc.,"Austin, Carrollton, Corpus Christi, Dallas, Fort Worth, Georgetown, Houston, Irving, Kingwood, Lewisville, Midland, Odessa, Plano, Round Rock, San Antonio, Tomball, Tyler, Webster",2014-01-24,2018-05-14
NCT03970044,Effectiveness of Exenatide Plus Dapagliflozin on 24 Hour Glucose Variability Measured by CGM. A Proof of Concept.,COMPLETED,INTERVENTIONAL,PHASE4,67,"Consano Clinical Research, LLC",Shavano Park,2019-07-02,2021-06-01
NCT06603571,"A Study to Investigate Weight Management With LY3841136 and Tirzepatide (LY3298176), Alone or in Combination, in Adult Participants With Obesity or Overweight With Type 2 Diabetes",ACTIVE_NOT_RECRUITING,INTERVENTIONAL,PHASE2,367,Eli Lilly and Company,"Austin, Dallas, Houston, San Antonio, Weslaco",2024-09-20,2026-08
NCT01188863,Study of Two Oral Formulations of LX4211 in Patients With Type 2 Diabetes Mellitus,COMPLETED,INTERVENTIONAL,PHASE1,15,Lexicon Pharmaceuticals,San Antonio,2010-09,
NCT03639714,A Study of a Personalized Neoantigen Cancer Vaccine,COMPLETED,INTERVENTIONAL,"PHASE1, PHASE2",29,"Gritstone bio, Inc.",Houston,2019-02-13,2022-11-10
NCT00501592,Study of INT-747 in Patients With Diabetes and Presumed NAFLD,COMPLETED,INTERVENTIONAL,PHASE2,64,Intercept Pharmaceuticals,San Antonio,2007-07,2009-04
NCT01398267,A Pharmacodynamic/Pharmacokinetic Study of Aleglitazar in Patients With Type 2 Diabetes Mellitus on Treatment With Lisinopril,COMPLETED,INTERVENTIONAL,PHASE1,55,Hoffmann-La Roche,"Dallas, San Antonio",2011-08,2012-10
NCT00308139,Effects of Exenatide Long-Acting Release on Glucose Control and Safety in Subjects With Type 2 Diabetes Mellitus(DURATION - 1),COMPLETED,INTERVENTIONAL,PHASE3,303,AstraZeneca,"Dallas, San Antonio",2006-04,2014-08
NCT00082381,Effect of AC2993 Compared With Insulin Glargine in Patients With Type 2 Diabetes Also Using Combination Therapy With Sulfonylurea and Metformin,COMPLETED,INTERVENTIONAL,PHASE3,551,AstraZeneca,"Arlington, San Antonio",2003-06,2008-07
NCT00477581,A Study to Compare the Effects of Exenatide and Sitagliptin on Postprandial Glucose in Subjects With Type 2 Diabetes Mellitus,COMPLETED,INTERVENTIONAL,PHASE4,102,AstraZeneca,"Austin, Corpus Christi, San Antonio",2007-05,2007-09
NCT00375492,Effect on Weight Loss of Exenatide Versus Placebo,COMPLETED,INTERVENTIONAL,PHASE3,196,AstraZeneca,San Antonio,2006-09,2008-02
NCT02206607,Study To Compare Single Dose Of Three Modified Release Formulations Of PF-04937319 With Immediate Release Material-Sparing-Tablet (IR MST) Formulation Previously Studied In Adults With Type 2 Diabetes Mellitus.,COMPLETED,INTERVENTIONAL,PHASE1,39,Pfizer,San Antonio,2014-09,2015-01
NCT04184622,A Study of Tirzepatide (LY3298176) in Participants With Obesity or Overweight,COMPLETED,INTERVENTIONAL,PHASE3,2539,Eli Lilly and Company,"Austin, Dallas, Mesquite, Round Rock, Shavano Park",2019-12-04,2024-07-06
NCT03895437,Diabetes Autoimmunity Withdrawn In New Onset and In Established Patients,TERMINATED,INTERVENTIONAL,PHASE2,78,"Tolerion, Inc.",San Antonio,2019-06-17,2020-12-21
NCT00763815,"GLP-1 Receptor Agonist Lixisenatide in Patients With Type 2 Diabetes for Glycemic Control and Safety Evaluation, on Top of Pioglitazone",COMPLETED,INTERVENTIONAL,PHASE3,484,Sanofi,"Colleyville, Houston, San Antonio",2008-09,2011-06
NCT06897202,A Study to Evaluate the Efficacy and Safety of Once-Weekly MET097 in Adults With Obesity or Overweight and T2DM,COMPLETED,INTERVENTIONAL,PHASE2,133,Pfizer,"Farmers Branch, Plano, Sherman",2025-03-14,2026-03-18
NCT04916470,"Research Study to Look at How Well Semaglutide Works in People Living With Heart Failure, Obesity and Type 2 Diabetes",COMPLETED,INTERVENTIONAL,PHASE3,617,Novo Nordisk A/S,"Dallas, Houston",2021-06-15,2023-10-11
NCT00770081,Safety and Tolerability of Vildagliptin Versus Sitagliptin in Patients With Type 2 Diabetes and Severe Renal Insufficiency (28-week Extension Study),COMPLETED,INTERVENTIONAL,PHASE3,75,Novartis,"Dallas, El Paso, Houston, San Antonio",2008-09,2011-04
NCT03387657,A Drug to Drug Interaction Study of Sotagliflozin With Hydrochlorothiazide,COMPLETED,INTERVENTIONAL,PHASE1,16,Sanofi,Dallas,2018-01-03,2018-03-02
NCT00947557,Safety and Efficacy of Dutogliptin in Patients With Type 2 Diabetes Mellitus (T2DM) on Background Therapy With Glimepiride With or Without Metformin,TERMINATED,INTERVENTIONAL,PHASE3,677,Forest Laboratories,"Arlington, Corpus Christi, Dallas, Irving, San Antonio",2009-07,
NCT06579105,"Efficacy, Safety, and Tolerability of Once Daily Oral Administration of AZD5004 Versus Placebo for 26 Weeks in Adults With Type 2 Diabetes Mellitus.",COMPLETED,INTERVENTIONAL,PHASE2,406,AstraZeneca,"Abilene, Dallas, El Paso, Houston",2024-10-08,2025-12-19
NCT00328627,Efficacy and Safety of Alogliptin Combined With Pioglitazone in Treating Subjects With Type 2 Diabetes Mellitus.,COMPLETED,INTERVENTIONAL,PHASE3,1554,Takeda,"Arlington, Carrollton, Dallas, Fort Worth, Houston, San Antonio, Temple",2006-05,2008-03
NCT00900146,"Dose Finding, Safety and Efficacy of Monthly Subcutaneous Canakinumab Administration in Metformin Monotherapy Treated Type 2 Diabetic Patients",TERMINATED,INTERVENTIONAL,"PHASE2, PHASE3",556,Novartis,"Lake Jackson, Pasadena, San Antonio",2009-04,2010-11
NCT00509223,GLYCOSA Study:Effect of PAP Treatment on Glycemic Control in Patients With Type 2 Diabetes,COMPLETED,INTERVENTIONAL,NA,416,ResMed,San Antonio,2007-07,2012-02
NCT00819091,"Randomized, Double-blind (db), Placebo-controlled 18 Week Study of Linagliptin (BI 1356) in Type 2 Diabetic Patients With Insufficient Glycaemic Control on a Sulfonylurea Drug",COMPLETED,INTERVENTIONAL,PHASE3,245,Boehringer Ingelheim,"Dallas, Sugar Land",2008-12,
NCT01336023,"Dual Action of Liraglutide and Insulin Degludec in Type 2 Diabetes: A Trial Comparing the Efficacy and Safety of Insulin Degludec/Liraglutide, Insulin Degludec and Liraglutide in Subjects With Type 2 Diabetes",COMPLETED,INTERVENTIONAL,PHASE3,1663,Novo Nordisk A/S,"Dallas, DeSoto, Fort Worth, Houston, Irving, Killeen, Lubbock, San Antonio, Sugar Land",2011-05-23,2012-11-22
NCT02906917,A 38 Week Trial Comparing Effect and Safety of Insulin Degludec/Insulin Aspart vs. Insulin Glargine Plus Insulin Aspart in Subjects With Type 2 Diabetes Treated With Basal Insulin With or Without Oral Antidiabetic Treatment in Need of Treatment Intensification,COMPLETED,INTERVENTIONAL,PHASE3,532,Novo Nordisk A/S,"Austin, Dallas, San Antonio",2016-09-20,2017-12-24
NCT03090464,A 6-month Clinical Study to Evaluate the Effect of a Digital Disease Management Tool in Patients With T2DM,COMPLETED,OBSERVATIONAL,,328,AstraZeneca,"Houston, Lampasas, Plano",2017-05-08,2018-05-21
NCT03058289,A Phase 1/2 Safety Study of Intratumorally Dosed INT230-6,COMPLETED,INTERVENTIONAL,"PHASE1, PHASE2",111,"Intensity Therapeutics, Inc.",Houston,2017-02-09,2023-02-22
NCT01011868,Efficacy and Safety of BI 10773 in Combination With Insulin in Patients With Type 2 Diabetes,COMPLETED,INTERVENTIONAL,PHASE2,494,Boehringer Ingelheim,"Dallas, Houston, Sugar Land",2009-11,
NCT02648204,Efficacy and Safety of Semaglutide Versus Dulaglutide as add-on to Metformin in Subjects With Type 2 Diabetes.,COMPLETED,INTERVENTIONAL,PHASE3,1201,Novo Nordisk A/S,"Arlington, Corpus Christi, Dallas, Houston, Katy, San Antonio, Sugar Land",2016-01-06,2017-05-19
NCT00676338,"Safety and Efficacy of Exenatide Once Weekly Injection Versus Metformin, Dipeptidyl Peptidase-4 Inhibitor, or Thiazolidinedione as Monotherapy in Drug-Naive Patients With Type 2 Diabetes (DURATION-4)",COMPLETED,INTERVENTIONAL,PHASE3,820,AstraZeneca,"Austin, El Paso, New Branufels",2008-11,2011-01
NCT00883558,Safety Study of Subcutaneously-Injected Prandial INSULIN-PH20 NP Compared to Insulin Lispro Injection in Participants With Type 1 Diabetes Mellitus,COMPLETED,INTERVENTIONAL,PHASE2,48,Halozyme Therapeutics,Austin,2009-05,2010-04
NCT03060538,A Multiple Ascending Dose Study to Evaluate Safety and Tolerability of BFKB8488A in Participants With Type 2 Diabetes Mellitus and Participants With Non-Alcoholic Fatty Liver Disease,COMPLETED,INTERVENTIONAL,PHASE1,154,"Genentech, Inc.","Arlington, Dallas, San Antonio, Shavano Park",2017-03-05,2019-12-13
NCT00229684,ARMOR (Analyzing Renal Mechanisms of Creatinine Excretion in Patients On tesaglitazaR),TERMINATED,INTERVENTIONAL,PHASE2,100,AstraZeneca,"Midland, San Antonio",2004-09,2006-06
NCT00922649,Pilot Study Assessing Insulin Pump Therapy in Type 2 Diabetes,COMPLETED,INTERVENTIONAL,NA,58,Animas Corporation,San Antonio,2008-02-01,2009-01-01
NCT01045447,"Comparison of NN5401 With Insulin Glargine, Both in Combination With Oral Antidiabetic Drugs, in Subjects With Type 2 Diabetes",COMPLETED,INTERVENTIONAL,PHASE3,465,Novo Nordisk A/S,"Dallas, Round Rock",2010-01,2010-10
NCT00965302,Sleeve Gastrectomy Versus Medical Management for Remission of Diabetes in Mild to Moderately Obese Patients,TERMINATED,INTERVENTIONAL,NA,50,59th Medical Wing,San Antonio,2009-08,2014-09
NCT04282395,Resilience-Based Diabetes Self-Management Education (RB-DSME) for African Americans,ACTIVE_NOT_RECRUITING,INTERVENTIONAL,NA,284,University of Texas at Austin,Austin,2020-01-25,2026-08-31
NCT05579977,Trial to Learn About the Study Medicine (PF-07081532) and Rybelsus in People With Type 2 Diabetes and Separately PF-07081532 in People With Obesity,TERMINATED,INTERVENTIONAL,PHASE2,902,Pfizer,"Austin, Dallas, Katy, Paris, San Antonio, Shavano Park, Sugar Land",2022-10-27,2023-09-22
NCT01819129,Efficacy and Safety of FIAsp Compared to Insulin Aspart in Combination With Insulin Glargine and Metformin in Adults With Type 2 Diabetes,COMPLETED,INTERVENTIONAL,PHASE3,881,Novo Nordisk A/S,"Dallas, Hurst, Plano",2013-09-09,2015-01-22
NCT00612040,"Comparison of Two NN1250 Formulations Versus Insulin Glargine, All in Combination With Insulin Aspart in Subjects With Type 1 Diabetes",COMPLETED,INTERVENTIONAL,PHASE2,178,Novo Nordisk A/S,Dallas,2008-01,2008-06
NCT02383940,Efficacy and Safety of Sotagliflozin in Young Adult Patients With Type 1 Diabetes Mellitus and Elevated Hemoglobin A1C,COMPLETED,INTERVENTIONAL,PHASE2,87,Lexicon Pharmaceuticals,Austin,2015-04,2016-09
NCT00162240,PPAR - Combination With Metformin,COMPLETED,INTERVENTIONAL,PHASE3,534,Bristol-Myers Squibb,"Dallas, Houston, Irving, Lake Jackson, Lubbock, San Antonio",2003-06,2004-05
NCT00252525,Correlation of Plasma Endothelial Cell Activity With Cardiovascular Events in Patients With Diabetes Mellitus Type 2,COMPLETED,OBSERVATIONAL,,400,US Department of Veterans Affairs,San Antonio,2007-06,2008-05
NCT03376789,Mylan Insulin Glargine Study,COMPLETED,INTERVENTIONAL,PHASE3,219,Mylan Inc.,"Austin, Dallas",2017-11-29,2019-01-10
NCT00817778,Study to Assess the Safety and Tolerability After Multiple Oral Doses of AZD1656 in Patients With Type 2 Diabetes Mellitus Treated With Metformin,COMPLETED,INTERVENTIONAL,PHASE2,27,AstraZeneca,San Antonio,2009-01,2009-07
NCT01774968,Study of Human Regular U-500 Insulin in Adult Participants With Type 2 Diabetes,COMPLETED,INTERVENTIONAL,PHASE4,325,Eli Lilly and Company,"Beaumont, Dallas",2013-02,2014-05
NCT04426474,A Study of LY3502970 in Participants With Type 2 Diabetes,COMPLETED,INTERVENTIONAL,PHASE1,68,Eli Lilly and Company,San Antonio,2020-10-08,2021-07-12
NCT00638313,Single-Dose Study Of PF-04603629 In Type 2 Diabetic Subjects,COMPLETED,INTERVENTIONAL,PHASE1,71,Pfizer,San Antonio,2007-08,2008-02
NCT05093517,Effect of Novel Glucagon Receptor Antagonist REMD-477 on Glucose and Adipocyte Metabolism in T2DM,COMPLETED,INTERVENTIONAL,EARLY_PHASE1,4,The University of Texas Health Science Center at San Antonio,San Antonio,2021-11-10,2022-03-16
NCT01096940,Study To Assess the Pharmacokinetics of AZD1656 During Coadministration With Simvastatin,COMPLETED,INTERVENTIONAL,PHASE1,44,AstraZeneca,San Antonio,2010-03,2010-08
NCT01068860,To Compare the Effect of a Subcutaneous Canakinumab Administration to Placebo in Patients With Impaired Glucose Tolerance or Patients With Type 2 Diabetes With Differing Baseline Diabetes Therapies,COMPLETED,INTERVENTIONAL,PHASE2,246,Novartis,"Dallas, Houston",2010-02,2010-08
NCT00734474,A Study of LY2189265 Compared to Sitagliptin in Participants With Type 2 Diabetes Mellitus on Metformin,COMPLETED,INTERVENTIONAL,"PHASE2, PHASE3",1202,Eli Lilly and Company,"Dallas, Georgetown, Houston, San Antonio",2008-08,2012-07
NCT01147718,A Drug Interaction Study of Albiglutide and Digoxin,COMPLETED,INTERVENTIONAL,PHASE1,30,GlaxoSmithKline,Austin,2010-06-11,2010-11-29
NCT00220961,Actos Now for Prevention of Diabetes (ACT NOW),COMPLETED,INTERVENTIONAL,PHASE3,602,The University of Texas Health Science Center at San Antonio,San Antonio,2004-01,2010-04
NCT01046110,Comparison of NN1250 With Sitagliptin in Subjects With Type 2 Diabetes Never Treated With Insulin,COMPLETED,INTERVENTIONAL,PHASE3,458,Novo Nordisk A/S,"Corpus Christi, El Paso, Houston, Sugar Land, Tomball",2010-01,2010-11
NCT04880850,"A Research Study to Compare Two Types of Insulin, a New Weekly Insulin, Insulin Icodec and an Available Daily Insulin, Insulin Glargine, Both in Combination With Mealtime Insulin, in People With Type 2 Diabetes Who Use Daily Insulin and Mealtime Insulin (ONWARDS 4)",COMPLETED,INTERVENTIONAL,PHASE3,582,Novo Nordisk A/S,"Amarillo, Austin, Corpus Christi, Dallas, Fort Worth, Longview",2021-05-14,2022-06-16
NCT07271186,Study to Assess the Effects of Angiopoietin-like Protein 3 (ANGPTL3) Inhibition in Adult Participants With Diabetic Kidney Disease,RECRUITING,INTERVENTIONAL,PHASE2,270,Regeneron Pharmaceuticals,"Arlington, Dallas, DeSoto, El Paso, Houston, Katy, McKinney, San Antonio",2026-01-09,2028-04-07
NCT01018173,A Study of Taspoglutide in Patients With Inadequately Controlled Diabetes Mellitus Type 2 and Cardiovascular Disease,COMPLETED,INTERVENTIONAL,PHASE3,2118,Hoffmann-La Roche,"Austin, Carrollton, Dallas, Fort Worth, Houston, Irving, North Richland Hills, Richardson, San Antonio, Temple",2010-01,2011-01
NCT01474083,"A 6 Week Pharmacokinetics, Pharmacodynamics, Safety and Tolerability of GK1-399 in Type 2 Diabetes",COMPLETED,INTERVENTIONAL,"PHASE1, PHASE2",248,vTv Therapeutics,San Antonio,2011-11,2012-09
NCT04450394,A Phase 2 Study of LY3209590 in Participants With Type 2 Diabetes Mellitus,COMPLETED,INTERVENTIONAL,PHASE2,278,Eli Lilly and Company,"Austin, Dallas, Houston, Mesquite, Shavano Park",2020-07-01,2021-10-08
NCT00467649,A Study to Characterize Regimens of Basal Insulin Intensified With Either Symlin® or Rapid Acting Insulin in Patients With Type 2 Diabetes,COMPLETED,INTERVENTIONAL,PHASE4,112,AstraZeneca,"Austin, Dallas",2007-05,2008-04
NCT05019274,Culinary Medicine vs. Nutrition Education in Diabetes,COMPLETED,INTERVENTIONAL,NA,120,University of Texas Southwestern Medical Center,Dallas,2021-08-09,2023-12-31
NCT01715818,A Study on The Potential of Aleglitazar to Reduce Cardiovascular Risk in Patients With Stable Cardiovascular Disease and Glucose Abnormalities,COMPLETED,INTERVENTIONAL,PHASE3,1999,Hoffmann-La Roche,"Arlington, Corpus Christi, Dallas, El Paso, Houston, Kingwood, McAllen, New Braunfels, North Richland Hills, San Antonio, Tyler",2012-12,2013-11
NCT00150410,Demonstrate Exubera Works As Well As Avandia When Added To Sulfonylurea + Metformin In Controlling Glucose,COMPLETED,INTERVENTIONAL,PHASE3,626,Pfizer,"Corpus Christi, Dallas, El Paso, San Antonio",2003-01,2007-06
NCT06797869,A Research Study to Investigate the Effects of CagriSema Compared to Placebo in People With Type 2 Diabetes and Painful Diabetic Peripheral Neuropathy,ACTIVE_NOT_RECRUITING,INTERVENTIONAL,PHASE2,142,Novo Nordisk A/S,"Houston, Lampasas, San Antonio",2025-01-29,2026-08-21
NCT01370005,12 Week Efficacy and Safety Study of Empagliflozin (BI 10773) in Hypertensive Patients With Type 2 Diabetes Mellitus,COMPLETED,INTERVENTIONAL,PHASE3,825,Boehringer Ingelheim,"Dallas, Houston, San Antonio",2011-06,2012-07
NCT03951805,A Research Study to Compare Two Types of Insulin: Insulin 287 and Insulin Glargine in People With Type 2 Diabetes Who Have Not Used Insulin Before,COMPLETED,INTERVENTIONAL,PHASE2,205,Novo Nordisk A/S,"Austin, Dallas, Schertz",2019-05-09,2020-01-17
NCT03285594,Efficacy and Safety of Sotagliflozin Versus Placebo in Participants With Type 2 Diabetes Mellitus Who Have Inadequate Glycemic Control While Taking Insulin Alone or With Other Oral Antidiabetic Agents,COMPLETED,INTERVENTIONAL,PHASE3,571,Lexicon Pharmaceuticals,"Dallas, Houston, McAllen, San Antonio, Shavano Park",2017-09-15,2019-09-27
NCT00139659,A One Year Clinical Trial Assessing the Usefulness and Safety of Inhaled Insulin in Diabetics With Asthma,COMPLETED,INTERVENTIONAL,PHASE3,288,Pfizer,"Beaumont, Dallas, Houstan, Houston, San Antonio",2003-01,2008-10
NCT00790660,A Study to Assess the Safety and Tolerability of ASP1941 in Adults With Type 2 Diabetes Mellitus.,COMPLETED,INTERVENTIONAL,PHASE2,61,Astellas Pharma Inc,San Antonio,2008-10-23,2009-03-06
NCT05772169,Study to Determine the Prevalence of Hypercortisolism in Patients With Type 2 Diabetes and Treatment With Korlym® (Mifepristone) (CATALYST),COMPLETED,INTERVENTIONAL,PHASE4,1113,Corcept Therapeutics,"Cedar Park, Dallas, Lufkin, San Antonio",2023-03-31,2024-12-18
NCT00366379,A Dose-Titration Study of GK Activator (2) in Patients With Type 2 Diabetes.,COMPLETED,INTERVENTIONAL,PHASE2,127,Hoffmann-La Roche,Midland,2006-07,2007-06
NCT01720446,Trial to Evaluate Cardiovascular and Other Long-term Outcomes With Semaglutide in Subjects With Type 2 Diabetes,COMPLETED,INTERVENTIONAL,PHASE3,3297,Novo Nordisk A/S,"Dallas, Fort Worth, Houston, Irving, Longview, Odessa, Plano, San Antonio, Sugar Land",2013-02-21,2016-03-15
NCT02054650,OMT of Somatic Dysfunction and Chronic Low Back Pain in Patients With Type 2 Diabetes Mellitus,TERMINATED,INTERVENTIONAL,NA,23,University of North Texas Health Science Center,Fort Worth,2014-05,2015-08
NCT01624259,A Study Comparing the Effect of Dulaglutide With Liraglutide in Type 2 Diabetes,COMPLETED,INTERVENTIONAL,PHASE3,599,Eli Lilly and Company,"Dallas, Hurst, San Antonio",2012-06,2013-11
NCT01292993,A Study to Evaluate the Interaction of LX4211 and Metformin in Healthy Subjects,COMPLETED,INTERVENTIONAL,PHASE1,18,Lexicon Pharmaceuticals,San Antonio,2011-02,
NCT03242252,"Safety and Efficacy Study of Sotagliflozin on Glucose Control in Participants With Type 2 Diabetes, Moderate Impairment of Kidney Function, and Inadequate Blood Sugar Control",COMPLETED,INTERVENTIONAL,PHASE3,787,Lexicon Pharmaceuticals,"Austin, Beaumont, Dallas, Houston, Hurst, Lampasas, McAllen, Round Rock, San Antonio",2017-08-16,2019-10-25
NCT05477134,Arginine Metabolism in Youth With Type 2 Diabetes,RECRUITING,INTERVENTIONAL,NA,30,Baylor College of Medicine,Houston,2023-02-06,2027-08-31
NCT01342484,Finding a Safe and Effective Dose of Linagliptin in Pediatric Patients With Type 2 Diabetes,COMPLETED,INTERVENTIONAL,PHASE2,40,Boehringer Ingelheim,San Antonio,2011-04,2016-02
NCT00642616,Evaluate Safety of Technosphere® Insulin (TI) in Diabetic Subjects With Moderate Obstructive Pulmonary Disease,TERMINATED,INTERVENTIONAL,PHASE3,34,Mannkind Corporation,Dallas,2009-03,2014-11
NCT03656744,A Study of HTD1801 in Adults With Nonalcoholic Steatohepatitis (NASH) and Type 2 Diabetes Mellitus (T2DM),COMPLETED,INTERVENTIONAL,PHASE2,101,HighTide Biopharma Pty Ltd,"Austin, Edinburg, San Antonio, Southlake",2018-11-26,2020-03-09
NCT05704309,The Diabetes Prevention Program Outcomes Study AD/ADRD Project,ENROLLING_BY_INVITATION,OBSERVATIONAL,,1976,Marinella Temprosa,San Antonio,2022-11-07,2027-08-30
NCT03429543,Diabetes Study of Linagliptin and Empagliflozin in Children and Adolescents (DINAMO)TM,COMPLETED,INTERVENTIONAL,PHASE3,175,Boehringer Ingelheim,"Houston, La Joya, San Antonio",2018-03-20,2023-05-31
NCT00067951,A Study To Evaluate The Safety And Efficacy Of An Investigational Diabetes Drug In Poorly Controlled Type II Diabetics,COMPLETED,INTERVENTIONAL,PHASE3,190,GlaxoSmithKline,"Arlington, Beaumont, Bryan, Corpus Christi, Dallas, Midland, San Antonio",2003-10-17,2004-11-30
NCT06593314,Using Ultromics EchoGo HFpEF Algorithm to Identify and Treat High Heart Failure Risk in Patients With Type 2 Diabetes,RECRUITING,INTERVENTIONAL,NA,800,University of Texas Southwestern Medical Center,Dallas,2025-08-06,2026-10-15
NCT00819884,To Evaluate 24-hr Glucose After OD vs BD AZD1656,COMPLETED,INTERVENTIONAL,PHASE1,36,AstraZeneca,San Antonio,2009-01,2009-05
NCT00728351,Efficacy and Safety of Fixed Combination Therapy of Vildagliptin and Metformin (25/1000 mg Bid) in Patients With Type 2 Diabetes Inadequately Controlled With Prior Metformin Monotherapy (HbA1c 7.0-9.5%),COMPLETED,INTERVENTIONAL,PHASE3,317,Novartis Pharmaceuticals,Houston,2008-06,
NCT00478322,"Pharmacodynamic Study of the Effect of INCB013739 on Insulin Sensitivity in Obese, Type 2 Diabetic Subjects",COMPLETED,INTERVENTIONAL,PHASE2,24,Incyte Corporation,San Antonio,2007-04,2008-02
NCT00004983,Education and Group Support for Diabetic Hispanics,COMPLETED,INTERVENTIONAL,NA,,National Institute of Diabetes and Digestive and Kidney Diseases (NIDDK),Austin,1999-09,2006-12
NCT01885260,"Safety, Tolerability and Efficacy of ISIS-GCGRRx in Type 2 Diabetes",COMPLETED,INTERVENTIONAL,PHASE2,77,"Ionis Pharmaceuticals, Inc.","Corpus Christi, Katy",2013-07,2014-11
NCT03560323,"Ketones, Muscle Metabolism, and SGLT2 Inhibitors - Protocol 1",COMPLETED,INTERVENTIONAL,PHASE1,41,The University of Texas Health Science Center at San Antonio,San Antonio,2019-01-07,2024-12-30
NCT00722917,Efficacy and Safety of TAK-379 in Adult Subjects With Type 2 Diabetes Mellitus,TERMINATED,INTERVENTIONAL,PHASE2,323,Takeda,"Dallas, Houston",2008-07,2009-04
NCT03936660,A 12 Month Site Randomized Trial in Adults With Type 2 Diabetes Mellitus and History of Cardiovascular Disease,COMPLETED,INTERVENTIONAL,NA,1049,Duke University,"Dallas, Tomball",2019-07-25,2022-12-30
NCT01652716,Efficacy and Safety of Exenatide Once Weekly Suspension in Subjects With Type 2 Diabetes,COMPLETED,INTERVENTIONAL,PHASE3,377,AstraZeneca,"Dallas, Houston, San Antonio",2013-01,2014-08
NCT05823948,A Study Using Flash Glucose Measurements for a New Once-weekly Insulin (Insulin Icodec) in People With Type 2 Diabetes Who Have Not Used Insulin Before (ONWARDS 9),COMPLETED,INTERVENTIONAL,PHASE3,51,Novo Nordisk A/S,"Amarillo, Dallas, Lampasas, San Antonio",2023-04-11,2024-04-11
NCT01834274,Comparison of Fasiglifam (TAK-875) With Sitagliptin When Used in Combination With Metformin in Patients With Type 2 Diabetes,TERMINATED,INTERVENTIONAL,PHASE3,96,Takeda,"Austin, Odessa, San Antonio, Sugar Land, Victoria",2013-06,2014-03
NCT00749190,BI 10773 add-on to Metformin in Patients With Type 2 Diabetes,COMPLETED,INTERVENTIONAL,PHASE2,495,Boehringer Ingelheim,"Dallas, Temple",2008-08,
NCT00313313,A Study of Saxagliptin in Subjects With Type 2 Diabetes Who Have Inadequate Blood Sugar Control With Sulfonylureas,COMPLETED,INTERVENTIONAL,PHASE3,768,AstraZeneca,"Austin, Houston, Katy, San Antonio",2006-04,2008-09
NCT02803918,"A Study on Safety, Pharmacokinetics and Pharmacodynamics of Lixisenatide in Pediatric Patients With Type 2 Diabetes Mellitus (T2DM)",COMPLETED,INTERVENTIONAL,PHASE1,23,Sanofi,Lufkin,2017-05-17,2020-01-27
NCT02010242,Safety and Efficacy of Oral GKT137831 in Patient With Type 2 Diabetes and Albuminuria,COMPLETED,INTERVENTIONAL,PHASE2,136,Calliditas Therapeutics AB,"Dallas, Houston, San Antonio",2013-10,2015-03
NCT02963922,Effect and Safety of Liraglutide 3.0 mg in Subjects With Overweight or Obesity and Type 2 Diabetes Mellitus Treated With Basal Insulin,COMPLETED,INTERVENTIONAL,PHASE3,396,Novo Nordisk A/S,"Austin, Dallas",2017-02-06,2018-09-25
NCT02981966,Effect of Dapagliflozin on Hepatic and Renal Glucose Metabolism Subjects,COMPLETED,INTERVENTIONAL,PHASE4,32,The University of Texas Health Science Center at San Antonio,San Antonio,2019-05-23,2023-05-31
NCT01392573,A Trial Comparing the Efficacy and Safety of Insulin Degludec/Liraglutide and Insulin Degludec in Subjects With Type 2 Diabetes,COMPLETED,INTERVENTIONAL,PHASE3,413,Novo Nordisk A/S,"Arlington, Austin, Dallas, Hurst, San Antonio, Sugar Land",2011-11-28,2012-10-04
NCT00641056,Efficacy of Exenatide Once Weekly and Once-Daily Insulin Glargine in Patients With Type 2 Diabetes Treated With Metformin Alone or in Combination With Sulfonylurea (DURATION - 3),COMPLETED,INTERVENTIONAL,PHASE3,467,AstraZeneca,San Antonio,2008-04,2009-11
NCT02608905,Effect of Dapagliflozin on Inflammation and Endothelial Function,TERMINATED,INTERVENTIONAL,PHASE4,17,Baylor College of Medicine,Houston,2015-11,2019-03
NCT03653091,Safety & Effectiveness of Duodenal Mucosal Resurfacing (DMR) Using the Revita™ System in Treatment of Type 2 Diabetes,COMPLETED,INTERVENTIONAL,NA,9,Fractyl Health Inc.,"Houston, San Antonio",2018-09-28,2020-08-10
NCT00942188,A Study of LY2189102 in Patients With Type 2 Diabetes,COMPLETED,INTERVENTIONAL,PHASE2,106,Eli Lilly and Company,"Arlington, Dallas, San Antonio, Tomball",2009-06,2010-11
NCT05013008,"An add-on Study to the FIGARO-DKD Study Called FIGARO-BM to Learn About the Link Between Biomarkers (Substances in the Blood Used as Indicators of Biological Processes, Disease Processes or Responses to Medication) and Finerenone in FIGARO-DKD Participants",COMPLETED,INTERVENTIONAL,PHASE2,951,Bayer,San Antonio,2021-08-18,2021-12-31
NCT06080425,Promoting Intergenerational Health in Rural Kentuckians With Diabetes (PIHRK'D),RECRUITING,INTERVENTIONAL,NA,75,"The University of Texas Medical Branch, Galveston",Galveston,2023-09-01,2026-05-31
NCT00252876,GALLEX 1 - Long Term Extension Study in Patients With Type 2 Diabetes,TERMINATED,INTERVENTIONAL,PHASE3,2000,AstraZeneca,"Corpus Christi, Dallas, San Antonio",2005-03,2007-01
NCT02120976,"Study of Safety, Tolerability, Pharmacokinetics and Pharmacodynamics of Single Oral Doses of JTT-252",TERMINATED,INTERVENTIONAL,PHASE1,85,Akros Pharma Inc.,Austin,2014-04,2015-03
NCT00818779,Direct Renin Inhibition Effects on Atherosclerotic Biomarkers,COMPLETED,INTERVENTIONAL,PHASE4,38,Texas Tech University Health Sciences Center,Lubbock,2008-01,2011-08
NCT02673762,Salivary Transcriptome Biomarkers for Early Diabetes Detection,UNKNOWN,OBSERVATIONAL,,180,PeriRx,San Antonio,2016-01,2019-02
NCT02926950,Efficacy and Safety of Sotagliflozin Versus Placebo in Patients With Type 2 Diabetes Mellitus on Background of Metformin,COMPLETED,INTERVENTIONAL,PHASE3,518,Lexicon Pharmaceuticals,"Dallas, DeSoto, Fort Worth, Houston, Magnolia, Odessa, San Antonio, Schertz",2016-11,2019-03-22
NCT01077505,An Evaluation of the Pharmacokinetics of an Oral Contraceptive (Brevicon) When Co-administered With Albiglutide .,COMPLETED,INTERVENTIONAL,PHASE1,16,GlaxoSmithKline,Austin,2010-03-15,2010-11-24
NCT00665145,Stem Cell Mobilization in Diabetic Neuropathy Subjects Receiving SB-509,COMPLETED,INTERVENTIONAL,PHASE2,23,Sangamo Therapeutics,"Houston, San Antonio",2008-01,2009-10
NCT01200394,"A Phase 2, Placebo-Controlled Study To Evaluate The Efficacy And Safety Of PF-00489791 In Patients With Type 2 Diabetes And Overt Nephropathy",COMPLETED,INTERVENTIONAL,PHASE2,256,Pfizer,"Austin, Houston, San Antonio",2010-12,2013-08
NCT07664553,A Phase III Study to Investigate the Efficacy and Safety of Elecoglipron Compared With Placebo in Adults With Type 2 Diabetes Mellitus on Background Insulin,NOT_YET_RECRUITING,INTERVENTIONAL,PHASE3,600,AstraZeneca,"Houston, San Antonio",2026-07-06,2028-05-23
NCT04953442,Fit 24 Technology Intervention YOUTH,COMPLETED,INTERVENTIONAL,NA,43,Baylor College of Medicine,Houston,2021-04-15,2024-04-28
NCT02446028,A Study Evaluating Safety and Efficacy of BIOD 531 Compared to Humalog® Mix 75/25 in Subjects With Type 2 Diabetes,SUSPENDED,INTERVENTIONAL,PHASE2,13,Biodel,San Antonio,2015-05,2016-05
NCT00774553,To Evaluate Safety and Tolerability After Multiple Oral Doses of AZD1656 in Type 2 Diabetes Patients on Top of Metformin,COMPLETED,INTERVENTIONAL,PHASE1,70,AstraZeneca,San Antonio,2008-10,2010-01
NCT02769481,Safety and Efficacy of Bexagliflozin Compared to Glimepiride as Add-on Therapy to Metformin in Type 2 Diabetes Subjects,COMPLETED,INTERVENTIONAL,PHASE3,426,Theracos,Magnolia,2016-08-15,2019-06-14
NCT04153929,A Study to Test Whether Different Doses of BI 456906 Are Effective in Treating Adults With Type 2 Diabetes.,COMPLETED,INTERVENTIONAL,PHASE2,413,Boehringer Ingelheim,"Dallas, San Antonio, Sugar Land",2020-04-30,2021-11-04
NCT00877929,Telmisartan Fixed Dose Combination vs Amlodipine in Hypertensive Patients With Type 2 Diabetes Mellitus,COMPLETED,INTERVENTIONAL,PHASE3,706,Boehringer Ingelheim,"Carrollton, Dallas, Killeen",2009-02,
NCT00377442,A Drug-Drug Interaction Study of GK Activator (2) and Simvastatin in Patients With Type 2 Diabetes.,COMPLETED,INTERVENTIONAL,PHASE1,33,Hoffmann-La Roche,San Antonio,2006-08,2007-04
NCT05305287,Quantifying Hepatic Mitochondrial Fluxes in Humans,RECRUITING,INTERVENTIONAL,PHASE4,60,The University of Texas Health Science Center at San Antonio,San Antonio,2022-11-01,2027-03-31
NCT06384521,Lifestyle MIND- Feasibility of Wait-list Control,WITHDRAWN,INTERVENTIONAL,NA,0,The University of Texas Health Science Center at San Antonio,San Antonio,2025-12,2027-09
NCT00616811,Safety and Tolerability of Vildagliptin Versus Sitagliptin in Patients With Type 2 Diabetes and Severe Renal Insufficiency,COMPLETED,INTERVENTIONAL,PHASE3,148,Novartis,"Dallas, El Paso, Houston, San Antonio",2008-01,2010-10
NCT02346344,Outpatient Characterization of the Variability of Insulin Secretory Parameters in the Meal Tolerance and the Maximal Stimulation Tests of Subjects With Type 2 Diabetes Mellitus,COMPLETED,OBSERVATIONAL,,20,Foundation for the National Institutes of Health,San Antonio,2014-04,2014-11
NCT05013229,"A Research Study to See How Well the New Weekly Medicine IcoSema, Which is a Combination of Insulin Icodec and Semaglutide, Controls Blood Sugar Level in People With Type 2 Diabetes Compared to Insulin Glargine Taken Daily With Insulin Aspart (COMBINE 3)",COMPLETED,INTERVENTIONAL,PHASE3,679,Novo Nordisk A/S,"Amarillo, Dallas, Houston, Hurst, Laredo, Longview, Plano, San Antonio, Sugar Land",2021-11-30,2023-11-14
NCT00602953,Role of Pancreatic Triglyceride Content in Beta-cell Function,COMPLETED,OBSERVATIONAL,,101,University of Texas Southwestern Medical Center,Dallas,2007-09,2012-08
NCT02607865,Efficacy and Long-term Safety of Oral Semaglutide Versus Sitagliptin in Subjects With Type 2 Diabetes,COMPLETED,INTERVENTIONAL,PHASE3,1864,Novo Nordisk A/S,"Amarillo, Dallas, Houston, Longview, Plano, San Antonio, Sugar Land, Waco",2016-02-15,2018-03-28
NCT00097084,Comparison of Insulin Detemir Plus Insulin Aspart Against Insulin Glargine Plus Insulin Aspart in Type 2 Diabetes,COMPLETED,INTERVENTIONAL,PHASE3,324,Novo Nordisk A/S,"Dallas, San Antonio",2004-09,2005-12
NCT01231984,Comparison of Glycemic Control in Obese Diabetics Using Three Different Pen Needles,COMPLETED,INTERVENTIONAL,NA,293,"Becton, Dickinson and Company",San Antonio,2010-10,2012-05
NCT00331487,Study to Compare Pioglitazone and Rosiglitazone in Subjects With Type 2 Diabetes Mellitus and Dyslipidemia,COMPLETED,INTERVENTIONAL,PHASE3,719,Takeda,"Beaumont, Conroe, Dallas, Houston, Lake Jackson, San Antonio",2000-09,2004-03
NCT00994682,University of Texas H.S.C. San Antonio Pioglitazone in Non-Alcoholic Steatohepatitis Trial (UTHSCSA NASH Trial),COMPLETED,INTERVENTIONAL,PHASE4,176,University of Florida,San Antonio,2008-12,2014-12
NCT00385697,The Protégé Study - Clinical Trial of MGA031 in Children and Adults With Recent-Onset Type 1 Diabetes Mellitus,COMPLETED,INTERVENTIONAL,"PHASE2, PHASE3",554,MacroGenics,"Dallas, McAllen, San Antonio",2006-10,2011-08
NCT00773279,"Efficacy, Safety and Preference Study of a Insulin Pen PDS290 vs. a Novo Nordisk Marketed Insulin Pen in Diabetics",COMPLETED,INTERVENTIONAL,PHASE3,242,Novo Nordisk A/S,"Arlington, Dallas, Hurst, San Antonio",2008-09,2009-06
NCT01177813,Efficacy and Safety of Empagliflozin (BI 10773) Versus Placebo and Sitagliptin Over 24 Weeks in Patients With Type 2 Diabetes,COMPLETED,INTERVENTIONAL,PHASE3,986,Boehringer Ingelheim,"Houston, Hurst, San Antonio",2010-07,
NCT04990427,CLBS201 in Patients with Chronic Kidney Disease (CKD) and Type 2 Diabetes Mellitus (T2DM),COMPLETED,INTERVENTIONAL,PHASE1,6,"Lisata Therapeutics, Inc.",San Antonio,2022-01-10,2023-01-26
NCT07061574,A Randomized Phase 1/2 Trial of Low Dose Anti-thymocyte Globulin (ATG) With Subsequent Adalimumab or Verapamil in New Onset Type 1 Diabetes,RECRUITING,INTERVENTIONAL,"PHASE1, PHASE2",120,City of Hope Medical Center,Houston,2026-03-10,2031-04-15
NCT05259033,"A Research Study to See How Well the New Weekly Medicine IcoSema, Which is a Combination of Insulin Icodec and Semaglutide, Controls Blood Sugar Level in People With Type 2 Diabetes Compared to Weekly Semaglutide (COMBINE 2)",COMPLETED,INTERVENTIONAL,PHASE3,683,Novo Nordisk A/S,"Amarillo, Austin, Corpus Christi, Dallas, Fort Worth, Houston, Longview, Round Rock, San Antonio, Sugar Land, Waco",2022-04-11,2024-01-16
NCT05362058,A Study of Insulin Efsitora Alfa (LY3209590) Compared to Degludec in Adults With Type 2 Diabetes Who Are Starting Basal Insulin for the First Time,COMPLETED,INTERVENTIONAL,PHASE3,928,Eli Lilly and Company,"Dallas, Houston, Mesquite, North Richland Hills",2022-06-03,2024-04-10
NCT03371355,"Study of ISIS 703802 in Participants With Hypertriglyceridemia, Type 2 Diabetes Mellitus, and Nonalcoholic Fatty Liver Disease",COMPLETED,INTERVENTIONAL,PHASE2,105,Akcea Therapeutics,"Austin, Carrollton, Dallas, Houston, Hurst, San Antonio",2017-12-21,2020-02-24
NCT00486291,Study of VI-0521 Compared to Placebo in the Glycemic Management of Obese Diabetics,COMPLETED,INTERVENTIONAL,PHASE2,210,VIVUS LLC,"Austin, San Antonio",2007-06,2008-04
NCT00845182,Effect of Pioglitazone and Exenatide on Body Weight and Beta Cell Function,COMPLETED,INTERVENTIONAL,PHASE4,43,The University of Texas Health Science Center at San Antonio,San Antonio,2007-06,2010-07
NCT04125082,A Study to Evaluate Time in Range in Type 2 Diabetics Using Afrezza® Plus Basal Insulin Compared to Multiple Daily Injections,UNKNOWN,INTERVENTIONAL,PHASE4,29,Diabetes and Glandular Disease Clinic,San Antonio,2019-02-27,2020-03-15
NCT00151762,Long-Term Study of Safety and Efficacy of WelChol® as an Additional Therapy in Patients With Type 2 Diabetes,COMPLETED,INTERVENTIONAL,PHASE3,780,Daiichi Sankyo,"Corpus Christi, Dallas, Houston, Midland, San Antonio",2004-12,2007-07
NCT00240370,A Study to Evaluate Combining Metformin With Muraglitazar or Pioglitazone in Type 2 Diabetics,COMPLETED,INTERVENTIONAL,PHASE3,1159,Bristol-Myers Squibb,"Austin, Carrollton, Corpus Christi, Dallas, Houston, Midland, San Antonio",2003-10,
NCT00302224,"A Phase 1/2a Study of the 2S,4R Enantiomer of Ketoconazole in Subjects With Type 2 Diabetes Mellitus",COMPLETED,INTERVENTIONAL,"PHASE1, PHASE2",50,DiObex,"Dallas, San Antonio",2005-02,2006-08
NCT05142189,"Clinical Trial Evaluating the Safety, Tolerability and Preliminary Efficacy of BNT116 Alone and in Combinations in Patients With Advanced Non-small Cell Lung Cancer",RECRUITING,INTERVENTIONAL,PHASE1,320,BioNTech SE,Houston,2022-06-17,2031-11
NCT00799643,Targeting Inflammation Using Salsalate for Type 2 Diabetes-Stage II,COMPLETED,INTERVENTIONAL,"PHASE2, PHASE3",638,Joslin Diabetes Center,"Dallas, Temple",2008-11,
NCT01555008,Study to Evaluate the Pharmacodynamic and Pharmacokinetic Effects of LX4211 in Subjects With Type 2 Diabetes and Renal Impairment,COMPLETED,INTERVENTIONAL,PHASE1,31,Lexicon Pharmaceuticals,San Antonio,2012-03,
NCT03259789,Safety and Efficacy of Bexagliflozin Compared to Placebo as Add-on Therapy to Metformin in Type 2 Diabetes Subjects,COMPLETED,INTERVENTIONAL,PHASE3,351,Theracos,"Gonzales, Houston, San Antonio",2017-11-28,2019-01-23
NCT00754624,"An Open-label, Multi-center, International, Three-year, Safety and Tolerability 'Follow on' Trial",COMPLETED,INTERVENTIONAL,PHASE2,229,Mannkind Corporation,"Dallas, San Antonio",2004-05,2008-10
NCT05462756,A Study of Insulin Efsitora Alfa (LY3209590) as a Weekly Basal Insulin Compared to Insulin Glargine in Adult Participants With Type 2 Diabetes on Multiple Daily Injections,COMPLETED,INTERVENTIONAL,PHASE3,730,Eli Lilly and Company,"Austin, Dallas, Houston, Plano, Shavano Park",2022-08-11,2024-02-27
NCT01364428,Comparison of Two Insulin Degludec Formulations in Subjects With Type 2 Diabetes Mellitus,COMPLETED,INTERVENTIONAL,PHASE3,373,Novo Nordisk A/S,"Dallas, Hurst, Irving, Round Rock, San Antonio",2011-06,2012-01
NCT01068717,Bioequivalence Study of 2.5-mg Saxagliptin and 500-mg Glucophage in Tablets and a Fixed-dose Combination Tablet in Healthy Participants,COMPLETED,INTERVENTIONAL,PHASE1,27,AstraZeneca,Austin,2010-03,2010-03
NCT00487240,Comparison of Two Basal Insulin Therapies for Patients With Type 1 Diabetes,COMPLETED,INTERVENTIONAL,PHASE3,387,Eli Lilly and Company,San Antonio,2007-06,2008-08
NCT00727857,Efficacy and Safety of Pioglitazone and Metformin Combination Therapy in Treating Type 2 Diabetes Mellitus.,COMPLETED,INTERVENTIONAL,PHASE3,600,Takeda,"Corpus Christi, Dallas, El Paso, Houston, McAllen, Mission, New Braunfels, North Richland Hills, San Antonio",2007-06,2008-08
NCT00789737,Welchol as Monotherapy for Type 2 Diabetes Mellitus,COMPLETED,INTERVENTIONAL,PHASE3,357,Daiichi Sankyo,"Arlington, Dallas, Fort Worth, Houston, San Antonio, Sugar Land, Tomball",2009-01,2011-12
NCT06451757,KHENERFIN Study: A Trial to Evaluate the Efficacy and Safety of Sonlicromanol in Primary Mitochondrial Diseases,RECRUITING,INTERVENTIONAL,PHASE3,220,Khondrion BV,Houston,2026-04-14,2028-09
NCT06628453,CGM for Management of Type 2 Diabetes in Pregnancy,RECRUITING,INTERVENTIONAL,NA,564,University of Alabama at Birmingham,Houston,2025-04-08,2029-07
NCT05761301,A Phase 1/2 Study to Evaluate ALN-KHK in Overweight to Obese Healthy Volunteers and Obese Patients With T2DM,TERMINATED,INTERVENTIONAL,"PHASE1, PHASE2",49,Alnylam Pharmaceuticals,"Dallas, Houston, San Antonio",2023-03-10,2025-04-03
NCT03617081,First Research Study of the Possible New Medicine NNC0113-2023 in Healthy Men.,COMPLETED,INTERVENTIONAL,PHASE1,40,Novo Nordisk A/S,San Antonio,2018-08-09,2018-12-13
NCT03987919,A Study of Tirzepatide (LY3298176) Versus Semaglutide Once Weekly as Add-on Therapy to Metformin in Participants With Type 2 Diabetes,COMPLETED,INTERVENTIONAL,PHASE3,1879,Eli Lilly and Company,"Dallas, Houston, Shavano Park, Sugar Land, Tomball",2019-07-30,2021-02-15
NCT01365507,Efficacy and Safety of Insulin Degludec/Insulin Aspart in Insulin-naïve Subjects With Type 2 Diabetes Using Two Dosing Regimens,COMPLETED,INTERVENTIONAL,PHASE3,276,Novo Nordisk A/S,"Dallas, Houston, Lubbock, Sugar Land",2011-06,2012-04
NCT03060980,"Comparison of Efficacy, Safety, and Tolerability of ITCA 650 to Empagliflozin and Glimepiride as add-on Metformin",TERMINATED,INTERVENTIONAL,PHASE3,245,Intarcia Therapeutics,"Austin, Dallas, DeSoto, Houston, Kerrville, San Angelo, San Antonio, Victoria",2017-03-03,2018-01-26
NCT00071422,Safety and Efficacy of INGAP-Peptide in Patients With Type 2 Diabetes,COMPLETED,INTERVENTIONAL,PHASE2,126,Exsulin Corporation,"Dallas, San Antonio",2003-10,2004-06
NCT00162175,PPAR-COMBO With Sulfonylurea,COMPLETED,INTERVENTIONAL,PHASE3,534,Bristol-Myers Squibb,"Dallas, Houston, Irving, Lake Jackson, San Antonio, The Colony",2003-07,2005-11
NCT02227875,Non-inferiority Study to Compare the Efficacy and Safety of Mylan's Insulin Glargine With Lantus® in Type 2 Diabetes Mellitus Patients (INSTRIDE 2),COMPLETED,INTERVENTIONAL,PHASE3,560,Mylan Inc.,"Austin, Corpus Christi, Dallas, El Paso, Houston, McKinney, Round Rock, San Antonio, Spring, Victoria",2014-08,2015-12
NCT05965869,Healthy Communities Through CHW Initiatives,ACTIVE_NOT_RECRUITING,INTERVENTIONAL,NA,400,"The University of Texas Medical Branch, Galveston",Galveston,2023-08-01,2028-07-31
NCT00255645,"G-PLUS (GALLANT, GALLEX and ARMOR - Post Treatment Follow-up Study)",TERMINATED,OBSERVATIONAL,,4500,AstraZeneca,"Carrollton, Corpus Christi, Dallas, Fort Worth, Houston, Midland, North Richland Hills, Roseland, San Antonio",2005-09,2006-12
NCT01956305,"Randomized, Placebo-controlled, 2 Period, Single-blind, Sequential, Multiple Ascending Dose Study",COMPLETED,INTERVENTIONAL,PHASE1,48,Daiichi Sankyo,San Antonio,2013-09,2014-06
NCT07064473,"EASi-PROTKT™ - A Study to Test Vicadrostat (BI 690517) Taken Together With Empagliflozin in People With Type 2 Diabetes, High Blood Pressure, and Cardiovascular Disease",RECRUITING,INTERVENTIONAL,PHASE3,11800,Boehringer Ingelheim,"Austin, Brownsville, Dallas, Edinburg, El Paso, Forney, Fort Worth, Houston, Lewisville, Mesquite, San Antonio, San Marcos, Shavano Park, Sherman, Stephenville, Tomball, Waco, Weslaco",2025-07-22,2029-12-21
NCT01982253,Fasiglifam 25 mg BID vs 50 mg QD,TERMINATED,INTERVENTIONAL,PHASE2,10,Takeda,"Carrollton, Dallas, Edinburg, Houstan, Houston, New Braunfels, San Antonio, Spring",2013-10,2014-01
NCT07502495,Phase 2 Trial of Icovamenib in Participants With Type 2 Diabetes Who Are Not Achieving Glycemic Targets,RECRUITING,INTERVENTIONAL,PHASE2,60,Biomea Fusion Inc.,"Austin, Dallas, Houston, Lewisville",2026-03-27,2027-07
NCT06959901,PATHS-UP Health Behavior Self-monitoring Mobile App for Adolescents,RECRUITING,INTERVENTIONAL,NA,30,Baylor College of Medicine,Houston,2025-04-30,2026-08-01
NCT02419612,"A 52-week International, Multicenter Trial With a Long -Term Extension to Evaluate Saxagliptin With Dapagliflozin in Combination With Metformin Compared to Glimepiride in Combination With Metformin in Type 2 Diabetes Who Have Inadequate Glycemic Control on Metformin Alone",COMPLETED,INTERVENTIONAL,PHASE3,444,AstraZeneca,"Dallas, San Antonio",2015-08-14,2019-09-18
NCT04429503,Study of a High-Dose Aflibercept in Participants With Diabetic Eye Disease,COMPLETED,INTERVENTIONAL,"PHASE2, PHASE3",660,Regeneron Pharmaceuticals,"Abilene, Bellaire, San Antonio, The Woodlands, Willow Park",2020-06-29,2024-06-18
NCT03437694,"Impact of Providing Medical Records in a Patient-Centered, Community Pharmacy Based, HIV Care Model (HIV-MOI)",TERMINATED,INTERVENTIONAL,NA,129,University of North Texas Health Science Center,Fort Worth,2018-08-03,2025-02-27
NCT03118739,Intensive Uric Acid Lowering With Verinurad and Febuxostat in Patients With Albuminuria,COMPLETED,INTERVENTIONAL,PHASE2,60,AstraZeneca,"Houston, Pearland, Sugar Land, Webster",2017-05-18,2018-08-13
NCT04678557,"A Study to Evaluate Safety, Engraftment, and Efficacy of VC-01 in Subjects With T1 Diabetes Mellitus",TERMINATED,INTERVENTIONAL,"PHASE1, PHASE2",31,ViaCyte,Austin,2019-06-25,2021-11-19
NCT02310724,TODAY2 Phase 2 Follow-up,COMPLETED,OBSERVATIONAL,,517,National Institute of Diabetes and Digestive and Kidney Diseases (NIDDK),"Houston, San Antonio",2014-03-01,2020-01-17
NCT07533175,AMAZE 2: A Research Study Investigating How Well the Medicine NNC0487-0111 Helps People With Excess Body Weight and Type 2 Diabetes Lose Weight,RECRUITING,INTERVENTIONAL,PHASE3,630,Novo Nordisk A/S,"Dallas, Houston",2026-04-13,2028-08-07
NCT00606112,"A Single Dose, Tolerance and Pharmacokinetic Study in Obese or Overweight Type 2 Diabetic Volunteers",COMPLETED,INTERVENTIONAL,PHASE1,28,Genaera Corporation,San Antonio,2008-01,2009-04
NCT04484779,A Study of an Insulin Management System in Participants With Type 1 or Type 2 Diabetes,COMPLETED,INTERVENTIONAL,NA,67,Eli Lilly and Company,"Austin, Round Rock",2020-07-14,2020-12-22
NCT00214786,Pancreatic Islet Cell Transplantation,COMPLETED,INTERVENTIONAL,PHASE1,4,Baylor Research Institute,Dallas,2005-04,2007-07
NCT01128894,A Study to Determine the Efficacy and Safety of Albiglutide as Compared With Liraglutide.,COMPLETED,INTERVENTIONAL,PHASE3,841,GlaxoSmithKline,"Arlington, Corpus Christi, Dallas, Fort Worth, Houston, Hurst, Katy, Midland, North Richland Hills, San Antonio, Schertz, Sugarland",2010-05,2011-09
NCT07415954,A Research Study Comparing How Well Different Doses of the Medicine NNC0662-0419 Lower Blood Sugar in People With Type 2 Diabetes,RECRUITING,INTERVENTIONAL,PHASE2,270,Novo Nordisk A/S,"Dallas, Houston, Shavano Park",2026-04-17,2027-10-01
NCT01101945,Long-term Extension Study to Evaluate the Safety of Dutogliptin/PHX1149T in Subjects With Type 2 Diabetes Mellitus,TERMINATED,INTERVENTIONAL,PHASE2,339,Phenomix,"Dallas, San Antonio",2007-07,2010-03
NCT00871572,A Study for Participants With Type 2 Diabetes Mellitus,COMPLETED,INTERVENTIONAL,PHASE2,87,Eli Lilly and Company,San Antonio,2009-03,2010-02
NCT00596427,Mechanisms of Glucose Lowering Effect of Colesevelam HCl,COMPLETED,INTERVENTIONAL,NA,60,Carine Beysen,San Antonio,2007-11,2009-04
NCT01517373,Study To Understand Efficacy And Safety Of Investigational Agent (PF-04937319) Compared To Approved Agent (Glimepiride) In Patients With Diabetes On Metformin,COMPLETED,INTERVENTIONAL,PHASE2,304,Pfizer,"Austin, Bryan, Dallas, San Antonio",2012-02,2013-01
NCT03060577,An Extension Trial of Inclisiran in Participants With Cardiovascular Disease and High Cholesterol,COMPLETED,INTERVENTIONAL,PHASE2,382,Novartis Pharmaceuticals,Amarillo,2017-04-27,2021-12-17
NCT03386344,Efficacy and Bone Safety of Sotagliflozin 400 and 200 mg Versus Placebo in Participants With Type 2 Diabetes Mellitus Who Have Inadequate Glycemic Control,TERMINATED,INTERVENTIONAL,PHASE3,376,Lexicon Pharmaceuticals,"Austin, Dallas, Katy",2018-02-19,2020-05-30
NCT00394030,Injection Site Study In Patients With Type 2 Diabetes Mellitus (T2DM) And Healthy Volunteers,COMPLETED,INTERVENTIONAL,PHASE1,63,GlaxoSmithKline,San Antonio,2006-10-16,2007-03-20
NCT07400107,AMAZE 8: A Research Study Investigating How Well the Medicine NNC0487-0111 Compared to Semaglutide Helps People With Excess Body Weight and Type 2 Diabetes Lose Weight,NOT_YET_RECRUITING,INTERVENTIONAL,PHASE3,1000,Novo Nordisk A/S,"Dallas, Shavano Park",2026-05-20,2029-01-26
NCT06717698,A Research Study Comparing How Well Different Doses of the Medicine NNC0519-0130 Can Reduce Kidney Damage in People Living With Chronic Kidney Disease,RECRUITING,INTERVENTIONAL,PHASE2,465,Novo Nordisk A/S,"El Paso, San Antonio",2024-12-02,2026-09-17
NCT00230464,Acute Metabolic Effects of LAF 237 in Type 2 Diabetics,COMPLETED,INTERVENTIONAL,PHASE3,16,The University of Texas Health Science Center at San Antonio,San Antonio,2004-11,2005-09
NCT06943001,Adapting and Assessing the Feasibility of a Telehealth Diabetes Prevention Program for Hispanic Adolescents,RECRUITING,INTERVENTIONAL,NA,40,Baylor College of Medicine,Houston,2025-04-12,2026-08-31
NCT00654745,"18 Week Study Evaluating Safety and Efficacy of Olmesartan, Amlodipine, and Hydrochlorothiazide, in Type 2 Diabetics",COMPLETED,INTERVENTIONAL,PHASE4,207,Daiichi Sankyo,"Dallas, San Antonio",2008-05,2009-06
NCT07070830,Simplified Onboarding in Adults With Type 2 Diabetes,COMPLETED,INTERVENTIONAL,NA,56,Insulet Corporation,San Antonio,2025-07-18,2026-01-06
NCT02750930,"Extension to Study 200952 to Evaluate the Long-term Safety, Tolerability and Pharmacodynamics of Albiglutide Liquid Drug Product in Type 2 Diabetes Mellitus Subjects",TERMINATED,INTERVENTIONAL,PHASE4,8,GlaxoSmithKline,"Arlington, Dallas, Houston, Schertz, Shavano Prk",2016-10-07,2017-03-21
NCT02863419,Efficacy and Safety of Oral Semaglutide Versus Liraglutide and Versus Placebo in Subjects With Type 2 Diabetes Mellitus,COMPLETED,INTERVENTIONAL,PHASE3,711,Novo Nordisk A/S,"Arlington, Dallas, Houston, North Richland Hills, San Antonio",2016-08-10,2018-03-30
NCT00395512,Efficacy of Alogliptin With Pioglitazone (Actos®) in Subjects With Type 2 Diabetes Mellitus,COMPLETED,INTERVENTIONAL,PHASE3,655,Takeda,"Arlington, Colleyville, Conroe, Corpus Christi, Dallas, Euless, Fort Worth, Garland, Houston, Katy, San Antonio, Seguin, Sugarland, Tomball",2006-11,2008-02
NCT00500955,Rosiglitazone on Microalbuminuria in Type 2 Diabetics,COMPLETED,INTERVENTIONAL,PHASE3,336,GlaxoSmithKline,"Beaumont, Dallas, Houston, San Antonio",2000-04,2004-06
NCT05731544,Study of BMF-219 in Healthy Adult Subjects and in Adult Subjects With Type 2 Diabetes Mellitus (T2D),COMPLETED,INTERVENTIONAL,"PHASE1, PHASE2",443,Biomea Fusion Inc.,"Austin, Dallas, Houston, Missouri City, San Antonio, Sugar Land, Waco",2022-08-17,2025-07-08
NCT00542009,"A Trial In Diabetic Patients To Assess Effect Of CE-326,597 On Glucose Control And Body Weight",COMPLETED,INTERVENTIONAL,PHASE2,252,Pfizer,"Beaumont, Dallas",2007-12,2008-11
NCT00572052,Comparison of Glycemic Control Achieved With 2 Different Needles,COMPLETED,INTERVENTIONAL,PHASE4,62,Novo Nordisk A/S,San Antonio,2002-12,2003-10
NCT00658021,Safety and Efficacy of Exenatide as Monotherapy and Adjunctive Therapy to Oral Antidiabetic Agents in Adolescents With Type 2 Diabetes,COMPLETED,INTERVENTIONAL,PHASE3,122,AstraZeneca,"Dallas, San Antonio",2008-05-30,2020-04-01
NCT00816218,Molecular Mechanisms of Type 2 Diabetes Mellitus,COMPLETED,INTERVENTIONAL,PHASE4,39,The University of Texas Health Science Center at San Antonio,San Antonio,2003-03,2008-11
NCT03736785,A Study of LY3209590 in Participants With Type 2 Diabetes Mellitus,COMPLETED,INTERVENTIONAL,PHASE2,399,Eli Lilly and Company,"Austin, Dallas, San Antonio",2018-11-15,2020-02-18
NCT01153516,Diabetes and Gastric By- Pass,COMPLETED,OBSERVATIONAL,,22,University of Texas Southwestern Medical Center,Dallas,2010-06,2012-12
NCT00920764,A Study of Atrasentan on Reducing Albuminuria in Type 2 Diabetic Nephropathy Treated With Renin-Angiotensin System Inhibitors,COMPLETED,INTERVENTIONAL,PHASE2,92,"AbbVie (prior sponsor, Abbott)",San Antonio,2009-06,2010-05
NCT03560271,A Phase 2 Study of Cyclo-Z in Subjects With Type 2 Diabetes,COMPLETED,INTERVENTIONAL,PHASE2,256,"NovMetaPharma Co., Ltd.",San Antonio,2018-06-18,2019-07-15
NCT01064687,A Study in Participants With Type 2 Diabetes Mellitus,COMPLETED,INTERVENTIONAL,PHASE3,978,Eli Lilly and Company,"Arlington, Austin, Corpus Christi, Dallas, El Paso, San Antonio, Schertz",2010-02,2012-05
NCT01673178,Multiple Dose Study Of PF-05231023 In Adult Subjects Who Have Poor Lipid Control With And Without Type 2 Diabetes Mellitus,COMPLETED,INTERVENTIONAL,PHASE1,107,Pfizer,Dallas,2012-10,2013-09
NCT00226330,GALLEX 6: Study to Evaluate the Safety and Tolerability of Tesaglitazar in Patients With Type 2 Diabetes Mellitus,TERMINATED,INTERVENTIONAL,PHASE3,1100,AstraZeneca,"Carrollton, Dallas, North Richland Hills, San Antonio",2005-03,2006-12
NCT00930865,Study to Evaluate the Potential Pharmacokinetic Interaction and Pharmacodynamic Effects on Renal Parameters of Bumetanide (1mg) and Dapagliflozin (10 mg) When Co-administered in Healthy Subjects,COMPLETED,INTERVENTIONAL,PHASE1,42,AstraZeneca,Austin,2009-07,2009-09
NCT01728116,Safety and Efficacy of EndoBarrier in Subjects With Type 2 Diabetes Who Are Obese,TERMINATED,INTERVENTIONAL,NA,325,Morphic Medical Inc.,"Dallas, Houston",2012-12,2016-02
NCT00859898,Study of Dapagliflozin in Combination With Metformin XR to Initiate the Treatment of Type 2 Diabetes,COMPLETED,INTERVENTIONAL,PHASE3,1093,AstraZeneca,"Dallas, Houston, Midland, New Braunfels, San Antonio",2009-04,2010-05
NCT00998335,Effect of a Basal/Pre-Meal Insulin Strategy (Detemir/Aspart) on Insulin Secretion and Action in Type 2 Diabetes,COMPLETED,INTERVENTIONAL,PHASE4,30,University of Florida,San Antonio,2007-06,2010-02
NCT00952198,A Safety Study of ARRY-403 in Patients With Type 2 Diabetes,COMPLETED,INTERVENTIONAL,PHASE1,128,"Array Biopharma, now a wholly owned subsidiary of Pfizer",San Antonio,2009-08,2010-08
NCT03989232,A Research Study to Compare Two Doses of Semaglutide Taken Once Weekly in People With Type 2 Diabetes,COMPLETED,INTERVENTIONAL,PHASE3,961,Novo Nordisk A/S,"Dallas, Houston, Humble, Hurst, Katy, Plano, San Antonio, Shavano Park, Sugar Land",2019-06-19,2020-11-09
NCT00707993,Efficacy and Safety of Alogliptin Compared to Glipizide in Elderly Diabetics,COMPLETED,INTERVENTIONAL,PHASE3,441,Takeda,"Corpus Christi, Dallas, Pasadena, San Antonio, Tomball",2008-06,2010-08
NCT07357740,A Research Study to Compare Two Different Versions of Injectable CagriSema in People With Type 2 Diabetes,WITHDRAWN,INTERVENTIONAL,PHASE2,0,Novo Nordisk A/S,"Houston, Lampasas, San Antonio, Sherman",2026-08-27,2027-10-13
NCT06326047,A Research Study Comparing How Well Different Doses of the Medicine NN0519-0130 Lower Blood Sugar in People With Type 2 Diabetes,COMPLETED,INTERVENTIONAL,PHASE2,299,Novo Nordisk A/S,"Abilene, Austin, Dallas, Forney, Houston, Lewisville, Shavano Park",2024-03-18,2025-10-13
NCT01794143,A Comparative Effectiveness Study of Major Glycemia-lowering Medications for Treatment of Type 2 Diabetes,COMPLETED,INTERVENTIONAL,PHASE3,7850,GRADE Study Group,"Dallas, Houston, San Antonio",2013-05,2021-04-30
NCT05929066,A Study of Retatrutide (LY3437943) in Participants Who Have Obesity or Overweight,COMPLETED,INTERVENTIONAL,PHASE3,2335,Eli Lilly and Company,"Austin, Houston",2023-07-10,2026-04-30
NCT00286494,Study of Alogliptin Combined With Pioglitazone in Subjects With Type 2 Diabetes Mellitus,COMPLETED,INTERVENTIONAL,PHASE3,493,Takeda,"Corpus Christi, Dallas, San Antonio, Temple, Texarkana",2006-02,2007-08
NCT00614939,Treatment Effect of Saxagliptin Compared With Placebo in Patients With Type 2 Diabetes and Renal Impairment,COMPLETED,INTERVENTIONAL,PHASE3,572,AstraZeneca,Corpus Christi,2008-01,2010-03
NCT02496000,Phase II Safety and Efficacy Study of Oral ORMD-0801 in Patients With Type 2 Diabetes Mellitus,COMPLETED,INTERVENTIONAL,PHASE2,188,"Oramed, Ltd.","Corpus Christi, San Antonio",2015-07-27,2016-09-13
NCT00500331,Dose-Ranging Study in Treatment Naive Type 2 Diabetes Mellitus(T2DM),COMPLETED,INTERVENTIONAL,PHASE2,334,GlaxoSmithKline,San Antonio,2007-01-23,2008-02-14
NCT00280865,"GLAD: Dose-Finding, Efficacy, and Safety of AZ 242 (Tesaglitazar) in Subjects With Type 2 Diabetes",COMPLETED,INTERVENTIONAL,PHASE2,500,AstraZeneca,"Arlington, Corpus Christi, Dallas, Lubbock, North Richland Hills, San Antonio",2002-04,2003-06
NCT01487109,A Phase 2 Study to Evaluate the Safety and Efficacy of CTP-499 in Type 2 Diabetic Nephropathy Patients,COMPLETED,INTERVENTIONAL,PHASE2,170,Concert Pharmaceuticals,"Houston, San Antonio",2012-01,2015-01
NCT06864728,Diabetes Prevention in Hispanic Adults Using Constant Glucose Monitors,ACTIVE_NOT_RECRUITING,INTERVENTIONAL,NA,30,University of Texas at Austin,Austin,2025-01-28,2026-12-28
NCT00814372,Evaluate Safety and Effectiveness of MBX-102 in Type 2 Diabetes Patients With Poor Glycemic Control on Metformin,TERMINATED,INTERVENTIONAL,PHASE2,242,Gilead Sciences,San Antonio,2008-12,2010-02
NCT05394519,A Research Study to See How Well CagriSema Helps People With Type 2 Diabetes and Excess Body Weight Lose Weight,COMPLETED,INTERVENTIONAL,PHASE3,1200,Novo Nordisk A/S,"Amarillo, Austin, Dallas, Houston, Longview, Shavano Park",2023-02-01,2025-02-03
NCT01492465,Single Ascending Dose Trial in Patients With Type 2 Diabetes,TERMINATED,INTERVENTIONAL,PHASE1,47,Amgen,San Antonio,2011-11,2012-10
NCT03463629,Multidisciplinary Team Approach: Working Together to Improve Glycemic Control in Hispanic Adults Diabetes,COMPLETED,INTERVENTIONAL,NA,33,"The University of Texas Health Science Center, Houston",Houston,2018-03-21,2018-08-14
NCT01951651,Effect of Exenatide on Liver and Heart Fat and Inflammation,COMPLETED,INTERVENTIONAL,PHASE4,24,Baylor College of Medicine,Houston,2010-04,2013-03
NCT00856986,The Effect of Insulin Detemir in Combination With Liraglutide and Metformin Compared to Liraglutide and Metformin in Subjects With Type 2 Diabetes,COMPLETED,INTERVENTIONAL,PHASE3,987,Novo Nordisk A/S,"Corpus Christi, Dallas, Midland, Plano",2009-03,2010-11
NCT03882970,A Study of Tirzepatide (LY3298176) Versus Insulin Degludec in Participants With Type 2 Diabetes,COMPLETED,INTERVENTIONAL,PHASE3,1444,Eli Lilly and Company,"Corpus Christi, Shavano Park",2019-04-01,2021-01-04
NCT01614327,Computer-based Screening for Diabetic Retinopathy,COMPLETED,OBSERVATIONAL,,19199,VisionQuest Biomedical LLC,San Antonio,2012-08,2015-02-24
NCT02762370,Study to Assess the Effects of FX006 on Blood Glucose in Patients With OA of the Knee and Type 2 Diabetes,COMPLETED,INTERVENTIONAL,PHASE2,33,"Pacira Pharmaceuticals, Inc","Dallas, San Antonio",2016-04,2016-11
NCT00110370,Comparing Pre-Mixed Insulin With Insulin Glargine Combined With Rapid-Acting Insulin in Patients With Type 2 Diabetes,COMPLETED,INTERVENTIONAL,PHASE4,300,Eli Lilly and Company,"Beaumont, Dallas, Houston, Irving, San Antonio",2004-04,2006-04
NCT06221969,A Research Study to See How Much CagriSema Lowers Blood Sugar and Body Weight Compared to Tirzepatide in People With Type 2 Diabetes Treated With Metformin With or Without an SGLT2 Inhibitor,COMPLETED,INTERVENTIONAL,PHASE3,1024,Novo Nordisk A/S,"Arlington, Austin, Bellaire, Dallas, Houston, Lampasas, San Antonio, Shavano Park, Sugar Land, Tomball",2024-01-16,2026-04-06
NCT00779363,"A Prospective, Clinical Trial of the TANTALUS® System in Treatment of Obese to Morbidly Obese Patients",COMPLETED,INTERVENTIONAL,NA,14,"MetaCure (USA), Inc.",San Antonio,2004-06,2009-11
NCT01525238,PK Study of Dapagliflozin in Pediatric Subjects With T2DM,COMPLETED,INTERVENTIONAL,PHASE1,53,AstraZeneca,San Antonio,2012-07-01,2014-09-01
NCT01619332,"Clinical Safety, Tolerability, Pharmacokinetics and Pharmacodynamics of LEZ763",COMPLETED,INTERVENTIONAL,"PHASE1, PHASE2",220,Novartis Pharmaceuticals,San Antonio,2012-03,2013-09
NCT02561078,An Administration Method Study of Human Regular U-500 Insulin (LY041001) in Participants With Type 2 Diabetes Mellitus,COMPLETED,INTERVENTIONAL,PHASE3,420,Eli Lilly and Company,"Austin, Dallas, Round Rock",2015-10-20,2017-05-09
NCT02284893,Study to Evaluate the Efficacy and Safety of Saxagliptin Co-administered With Dapagliflozin in Combination With Metformin Compared to Sitagliptin in Combination With Metformin in Adult Patients With Type 2 Diabetes Who Have Inadequate Glycemic Control on Metformin Therapy Alone,COMPLETED,INTERVENTIONAL,PHASE3,461,AstraZeneca,"Dallas, Houston, North Richland Hills, Pasadena, San Antonio",2014-09-09,2016-09-20
NCT01490658,"Single Dose Pharmacokinetics of Repaglinide, Metformin and Combination Tablet in Fed Healthy Volunteers",COMPLETED,INTERVENTIONAL,PHASE1,93,Novo Nordisk A/S,Austin,2006-06,2006-08
NCT03152552,A Dose Finding Study to Assess the Effect of LIK066 Compared to Placebo or Empagliflozin in Patients With Type 2 Diabetes Mellitus and Heart Failure,TERMINATED,INTERVENTIONAL,PHASE2,125,Novartis Pharmaceuticals,"San Antonio, Sugar Land",2017-07-25,2018-06-06
NCT00754143,Phase 1 Study of FG-3019 in Subjects With Type 1 or Type 2 Diabetes Mellitus and Diabetic Nephropathy,COMPLETED,INTERVENTIONAL,PHASE1,38,Kyntra Bio,"Dallas, Houston, San Antonio",2008-03,2009-12
NCT02773368,A Clinical Trial Comparing Glycaemic Control and Safety of Insulin Degludec/Liraglutide (IDegLira) Versus Insulin Glargine (IGlar) as add-on Therapy to SGLT2i in Subjects With Type 2 Diabetes Mellitus,COMPLETED,INTERVENTIONAL,PHASE3,420,Novo Nordisk A/S,"Austin, Houston, Longview, San Antonio",2016-05-23,2017-10-23
NCT00032474,Ginkgo Biloba Extract and the Insulin Resistance Syndrome,COMPLETED,INTERVENTIONAL,"PHASE1, PHASE2",150,National Center for Complementary and Integrative Health (NCCIH),San Antonio,2001-12,2005-05
NCT00332826,Inhaled Technosphere Insulin in Subjects With Diabetes Mellitus and Asthma,TERMINATED,INTERVENTIONAL,PHASE3,3,Mannkind Corporation,"San Antonio, Waco",2006-06,2007-10
NCT00432276,Efficacy of Alogliptin and Pioglitazone in Subjects With Type 2 Diabetes Mellitus,COMPLETED,INTERVENTIONAL,PHASE3,803,Takeda,"Arlington, Austin, Colleyville, El Paso, Garland, Houston, Hurst, San Antonio, Seguin",2007-01,2009-06
NCT00789750,Colesevelam as Add-on to Pioglitazone Therapy for Type 2 Diabetes Mellitus,COMPLETED,INTERVENTIONAL,PHASE3,562,Daiichi Sankyo,"Arlington, Dallas, Fort Worth, Grand Prairie, Houston, San Antonio, Sugar Land, Tomball",2009-04,2012-07
NCT07276776,An Evaluation of the Omnipod® M System in Adults With Type 2 Diabetes,COMPLETED,INTERVENTIONAL,NA,40,Insulet Corporation,"Austin, San Antonio",2025-12-12,2026-03-30
NCT00700817,"The Effect of Liraglutide Compared to Sitagliptin, Both in Combination With Metformin on Glycaemic Control in Subjects With Type 2 Diabetes Mellitus",COMPLETED,INTERVENTIONAL,PHASE3,665,Novo Nordisk A/S,"Arlington, Dallas, Houston, Hurst, New Braunfels, San Antonio, Sugar Land",2008-06,2010-06
NCT00476710,Effects of Colesevelam HCl On Bile Acid Kinetics,COMPLETED,OBSERVATIONAL,,36,KineMed,San Antonio,2007-05,2009-04
NCT01699737,Safety and Efficacy Study of JTT-851 in Patients With Type 2 Diabetes Mellitus,COMPLETED,INTERVENTIONAL,PHASE2,325,Akros Pharma Inc.,"Carrollton, Corpus Christi, Dallas, Houston, Plano, San Antonio, Sugarland, Tomball",2012-09,2013-07
NCT02182830,24 Week Efficacy and Safety Study of Empagliflozin (BI 10773) in Hypertensive Black/African American Patients With Type 2 Diabetes Mellitus and Hypertension,COMPLETED,INTERVENTIONAL,PHASE3,166,Boehringer Ingelheim,"Houston, Waco",2014-07-25,2017-05-18
NCT02283411,Effectiveness and Safety Study of the Abbott Sensor Based Glucose Monitoring Systems,COMPLETED,INTERVENTIONAL,NA,156,Abbott Diabetes Care,San Antonio,2014-11,2015-03
NCT05097534,A Comprehensive Community Approach for Diabetes Prevention and Care for a Vulnerable Population in Galveston,COMPLETED,INTERVENTIONAL,NA,98,"The University of Texas Medical Branch, Galveston",Galveston,2021-12-07,2025-10-31
NCT01194830,Efficacy and Safety of Linagliptin (BI 1356) in Black/African Americans With Type 2 Diabetes With a MTT Sub-study,COMPLETED,INTERVENTIONAL,PHASE3,234,Boehringer Ingelheim,"Dallas, Houston, Houton, San Antonio, Sugar Land, Tomball, Waco, Whitney",2010-09,2011-10
NCT00328172,Efficacy and Safety of 3 Doses of BI1356 (Linagliptin) in Type 2 Diabetes Patients,COMPLETED,INTERVENTIONAL,PHASE2,302,Boehringer Ingelheim,"Dallas, Houston, San Antonio, Tyler",2006-05,
NCT05649137,A Research Study to See How Semaglutide Helps People With Excess Weight and Type 2 Diabetes Lose Weight,COMPLETED,INTERVENTIONAL,PHASE3,512,Novo Nordisk A/S,"Amarillo, Austin, Dallas, Houston, Longview, Sugar Land",2023-01-04,2024-12-13
NCT06972472,A Study of Orforglipron (LY3502970) in Participants With Obesity or Overweight and Type 2 Diabetes,ACTIVE_NOT_RECRUITING,INTERVENTIONAL,PHASE3,600,Eli Lilly and Company,"Dallas, Houston, Kingwood, Mission, Shavano Park",2025-05-19,2027-08
NCT02390050,A Dose Range Finding Study to Evaluate the Effect of Bexagliflozin Tablets in Subjects With Type 2 Diabetes Mellitus,COMPLETED,INTERVENTIONAL,PHASE2,292,Theracos,"DeSoto, Fort Worth",2015-05-12,2016-06-03
NCT00143247,Long-Term Safety Study of Inhaled Insulin: An Up to Four-Year Extension of Therapy in Subjects With Type 1 or Type 2 Diabetes Mellitus,TERMINATED,INTERVENTIONAL,PHASE2,173,Pfizer,"Austin, Dallas, San Antonio",2003-03,2008-01
NCT02465515,"Effect of Albiglutide, When Added to Standard Blood Glucose Lowering Therapies, on Major Cardiovascular Events in Subjects With Type 2 Diabetes Mellitus",COMPLETED,INTERVENTIONAL,PHASE4,9463,GlaxoSmithKline,"Arlington, Austin, Bellaire, Dallas, El Paso, Georgetown, Houston, Huntsville, Kingwood, Plano, San Antonio, Schertz, Suite 101, Tyler",2015-07-01,2018-03-14
NCT01664247,The Effect of Insulin Degludec in Combination With Liraglutide and Metformin in Subjects With Type 2 Diabetes Qualifying for Treatment Intensification,COMPLETED,INTERVENTIONAL,PHASE3,346,Novo Nordisk A/S,"Austin, Dallas, Houston, Irving, Lubbock, Round Rock, San Antonio, Sugar Land",2012-10-01,2013-12-31
NCT01752985,Study to Evaluate the Effects of BMS-813160 on Protein Loss in the Urine of Subjects With Type 2 Diabetes and Diabetic Kidney Disease,TERMINATED,INTERVENTIONAL,PHASE2,319,Bristol-Myers Squibb,"Edinburg, Fort Sam Houston, Schertz",2013-03-18,2015-06-30
NCT00726505,Renal Mechanism of Action/Splay vs. TmG,TERMINATED,INTERVENTIONAL,PHASE1,1,AstraZeneca,San Antonio,2009-06,2009-08
NCT01357889,Pharmacokinetics/Pharmacodynamics of Albiglutide,COMPLETED,INTERVENTIONAL,PHASE2,283,GlaxoSmithKline,"Houston, Irving, San Antonio, Sugarland",2011-07,2012-10
NCT05929079,A Study of Retatrutide (LY3437943) in Participants With Type 2 Diabetes Mellitus Who Have Obesity or Overweight,ACTIVE_NOT_RECRUITING,INTERVENTIONAL,PHASE3,1000,Eli Lilly and Company,"Austin, Dallas",2023-07-11,2026-05
NCT00229710,GALLEX 9: Safety and Tolerability of Oral Tesaglitazar When Added to Insulin Therapy in Patients With Type 2 Diabetes,TERMINATED,INTERVENTIONAL,PHASE3,270,AstraZeneca,"Corpus Christi, Dallas, Fort Worth, Houston, Roseland, San Antonio",2005-02,2006-12
NCT00127296,Reliability of Dosing With NovoLog® Mix 70/30 FlexPen® Compared With Vial and Syringe,COMPLETED,INTERVENTIONAL,PHASE1,60,Novo Nordisk A/S,San Antonio,2005-07,2005-09
NCT04707469,Research Study to Compare Three Doses of Semaglutide Tablets Taken Once Daily in People With Type 2 Diabetes,COMPLETED,INTERVENTIONAL,PHASE3,1606,Novo Nordisk A/S,"Arlington, Dallas, Forney, Houston, Humble, Katy, Longview, Plano, San Antonio, Shavano Park, Sugar Land",2021-01-15,2023-03-08
NCT06297603,"Effect of Retatrutide Compared With Placebo in Participants With Type 2 Diabetes and Moderate or Severe Renal Impairment, With Inadequate Glycemic Control on Basal Insulin, With or Without Metformin and/or SGLT2 Inhibitor (TRANSCEND-T2D-3)",ACTIVE_NOT_RECRUITING,INTERVENTIONAL,PHASE3,320,Eli Lilly and Company,"Dallas, Flower Mound, Houston, Mesquite, Weslaco",2024-03-15,2026-11
NCT01293669,"Glycemic Control, Safety and Tolerability of TC-6987 Monotherapy in Type 2 Diabetes Mellitus",COMPLETED,INTERVENTIONAL,PHASE2,440,Targacept Inc.,"Houston, San Antonio",2011-01,2012-01
NCT01605773,Effect of Repaglinide on Postprandial Lipemia in Type 2 Diabetes,COMPLETED,INTERVENTIONAL,PHASE4,51,Novo Nordisk A/S,Houston,2001-11-08,2003-03-13
NCT00212641,A Phase II Study to Evaluate the Effects of Oral ONO-5129 in Type 2 Diabetes Mellitus,COMPLETED,INTERVENTIONAL,PHASE2,105,Ono Pharma USA Inc,"Carrollton, Dallas, Houston, Plano, San Antonio",2005-06,
NCT00329225,Rosiglitazone In Subjects With Type 2 Diabetes Mellitus Who Are Inadequately Controlled On Insulin,COMPLETED,INTERVENTIONAL,PHASE4,630,GlaxoSmithKline,"Arlington, Dallas, Galveston, Houston, San Antonio",2002-09,2004-04
NCT07668388,A Research Study Comparing How Well Different Doses of the Medicine UBT251 Lower Blood Sugar in People With Type 2 Diabetes,RECRUITING,INTERVENTIONAL,PHASE2,300,Novo Nordisk A/S,"Austin, Houston, Lampasas, San Antonio, Shavano Park",2026-06-22,2027-11-15
NCT02597127,Trial to Evaluate the Effect of ALN-PCSSC Treatment on Low Density Lipoprotein Cholesterol (LDL-C),COMPLETED,INTERVENTIONAL,PHASE2,501,The Medicines Company,Amarillo,2016-01,2017-06-07
NCT00879970,Thiazolidinedione Intervention With Vitamin D Evaluation,TERMINATED,INTERVENTIONAL,PHASE4,1332,GlaxoSmithKline,"Dallas, Houston, Temple",2009-05,2010-11
NCT01023581,Efficacy and Safety of Alogliptin Plus Metformin in Patients With Type 2 Diabetes,COMPLETED,INTERVENTIONAL,PHASE3,784,Takeda,"Carrollton, Dallas, Deer Park, El Paso, Houston, Hurst, Katy, Odessa, San Antonio, Schertz, Spring, Sugarland, Temple",2009-11,2011-06
NCT00370565,Effect on Glycemic Control of Inhaled Insulin Alone or Added to Dual Oral Therapy After Failure of Dual Oral Therapy.,COMPLETED,INTERVENTIONAL,PHASE3,345,Pfizer,"Austin, Dallas, Irving, San Antonio",1999-06,2000-09
NCT06131372,"A Research Study to See if Kidney Damage in People With Chronic Kidney Disease and Type 2 Diabetes Living With Overweight or Obesity Can be Reduced by CagriSema Compared to Semaglutide, Cagrilintide and Placebo",COMPLETED,INTERVENTIONAL,PHASE2,626,Novo Nordisk A/S,"Corpus Christi, Houston, San Antonio",2024-04-01,2025-11-06
NCT00468039,A Sub-study to LMF237A2302 to Assess the Effect of 24 Weeks Treatment With Initial Combination of Vildagliptin Plus Metformin,COMPLETED,INTERVENTIONAL,PHASE3,94,Novartis,San Antonio,2007-03-06,2008-06-06
NCT05168605,Assessing the Efficacy of Targeted Home Visits in the Management of Chronic Conditions,RECRUITING,INTERVENTIONAL,NA,100,University of Texas Southwestern Medical Center,Dallas,2022-07-27,2026-12-31
NCT03366337,A Phase 2 Trial of the Safety and Efficacy of Bardoxolone Methyl in Patients With Rare Chronic Kidney Diseases - PHOENIX,COMPLETED,INTERVENTIONAL,PHASE2,103,Biogen,"Austin, Dallas, San Antonio",2017-12-26,2019-01-29
NCT02647905,Evaluation of the Accuracy of an Implanted Glucose Sensor,COMPLETED,INTERVENTIONAL,NA,90,"Senseonics, Inc.",San Antonio,2016-01,2016-07
NCT02917031,Mechanistic Evaluation of Glucose-lowering Strategies in Patients With Heart Failure,COMPLETED,INTERVENTIONAL,PHASE4,348,AstraZeneca,Houston,2017-01-10,2019-08-23
NCT00196989,Study In People With Type 2 Diabetes,COMPLETED,INTERVENTIONAL,PHASE2,448,GlaxoSmithKline,"Dallas, San Antonio, Tyler",2005-09,2007-04
NCT03922750,A Research Study in People With Type 2 Diabetes to Compare Two Types of Insulin: Insulin 287 and Insulin Glargine,COMPLETED,INTERVENTIONAL,PHASE2,154,Novo Nordisk A/S,Dallas,2019-05-09,2020-01-27
NCT05099770,Proact: A Study of REACT in Subjects With Type 2 Diabetes Mellitus and Chronic Kidney Disease,RECRUITING,INTERVENTIONAL,PHASE3,685,Prokidney,"Cypress, El Paso, Houston, San Antonio, Sugar Land, The Woodlands",2022-01-05,2029-12
NCT07024823,"A Study to Investigate Safety, Tolerability, Pharmacokinetics, and Pharmacodynamics of AZD4248 in Healthy Participants and Participants With Chronic Kidney Disease and Type 2 Diabetes and to Assess Home Measurements of Creatinine in a Non Interventional Cohort",RECRUITING,INTERVENTIONAL,PHASE1,124,AstraZeneca,San Antonio,2025-06-09,2026-12-25
NCT00427154,Effect of Inhaled Pre-prandial Human Insulin on Blood Glucose Control in Type 2 Diabetes,TERMINATED,INTERVENTIONAL,PHASE3,227,Novo Nordisk A/S,"Arlington, Dallas, Houston, Hurst, Lewisville, San Antonio",2007-01-10,2008-03-11
NCT00357370,A Pilot Study of BMS-512148 in Subjects With Type 2 Diabetes,COMPLETED,INTERVENTIONAL,"PHASE2, PHASE3",163,AstraZeneca,"Dallas, San Antonio",2006-10,2008-03
NCT03341013,A Pilot Study Investigating Bioequivalence Between a Single Dose of Formulation 2 and Formulation 3 of MEDI0382,COMPLETED,INTERVENTIONAL,PHASE1,24,MedImmune LLC,Dallas,2017-11-30,2018-01-29
NCT00800176,A Dose-Finding Study of RO4998452 in Patients With Diabetes Mellitus,COMPLETED,INTERVENTIONAL,PHASE2,394,Hoffmann-La Roche,Midland,2009-01-22,2009-10-28
NCT01223196,Effect of Pioglitazone on TIMP-3 and TACE in Type 2 Diabetes,COMPLETED,INTERVENTIONAL,PHASE4,60,The University of Texas Health Science Center at San Antonio,San Antonio,2009-08,2011-12
NCT00256867,A Study In Patients With Type 2 Diabetes Mellitus,COMPLETED,INTERVENTIONAL,PHASE3,369,GlaxoSmithKline,"Bryan, Dallas, Georgetown, Midland, Plano",2005-08-18,2006-10-31
NCT00110864,Effects of PN2034 in Insulin-Dependent Patients With Type 2 Diabetes,COMPLETED,INTERVENTIONAL,PHASE2,90,Wellstat Therapeutics,Spring,2005-05,2007-04
NCT05846802,Gastroparesis Registry 4,RECRUITING,OBSERVATIONAL,,250,Johns Hopkins Bloomberg School of Public Health,El Paso,2024-09-20,2027-04-30
NCT00760344,Efficacy and Safety of SYR-472 in Subjects With Type 2 Diabetes Mellitus,COMPLETED,INTERVENTIONAL,PHASE2,386,Takeda,"Carrolton, Dallas, Georgetown, Houston, Killeen, San Antonio",2007-03,2008-03
NCT00121667,Study Assessing Saxagliptin Treatment In Type 2 Diabetic Subjects Who Are Not Controlled With Metformin Alone,COMPLETED,INTERVENTIONAL,PHASE3,1462,AstraZeneca,"Austin, Bryan, Carrollton, Dallas, Houston, San Antonio, Temple",2005-08,2010-02
NCT06731075,A Phase 3 Study to Evaluate the Efficacy and Safety of ORMD-0801 in Subjects With Type 2 Diabetes Mellitus.,NOT_YET_RECRUITING,INTERVENTIONAL,PHASE3,300,"Oramed, Ltd.",Dallas,2025-12-15,2027-05-22
NCT00982644,Comparison of NN1250 Versus Insulin Glargine in Subjects With Type 2 Diabetes,COMPLETED,INTERVENTIONAL,PHASE3,1030,Novo Nordisk A/S,"Arlington, Corpus Christi, Dallas, El Paso, Hurst, Irving, Lubbock, San Antonio, Sugar Land",2009-09,2010-12
NCT05094401,Use of an Investigational Digital Therapeutic in Patients With Type 2 Diabetes,TERMINATED,INTERVENTIONAL,PHASE3,76,Better Therapeutics,Plano,2021-10-04,2023-04-01
NCT02911792,Effect of Farxiga on Renal Function and Size in Type 2 Diabetic Patients With Hyperfiltration,COMPLETED,INTERVENTIONAL,PHASE4,72,The University of Texas Health Science Center at San Antonio,San Antonio,2016-12-20,2023-07-11
NCT00855010,Pioglitazone on Pancreatic Steatosis and Bone Health,COMPLETED,INTERVENTIONAL,NA,42,University of Texas Southwestern Medical Center,Dallas,2009-02,2013-12
NCT00332488,Efficacy and Safety of Prandial Inhalation of Technosphere/Insulin in Combination With Metformin or Technosphere/Insulin Alone Versus 2 Oral Anti-Diabetic Agents in Subjects With Type 2 Diabetes,COMPLETED,INTERVENTIONAL,PHASE3,547,Mannkind Corporation,"Dallas, San Antonio",2004-12,
NCT01071850,A Study to Evaluate the Effect of ASP1941 in Adult Patients With Type 2 Diabetes Mellitus,COMPLETED,INTERVENTIONAL,PHASE2,412,Astellas Pharma Inc,"Carrollton, Corpus Christi, Houston, San Antonio",2010-03-03,2011-04-11
NCT02793154,An Exploratory Study on the Effects of Repeat Doses of Albiglutide Compared to Exenatide on Gastric Myoelectrical Activity and Gastric Emptying in Type 2 Diabetes Mellitus Subjects,TERMINATED,INTERVENTIONAL,PHASE4,4,GlaxoSmithKline,Dallas,2016-09-26,2017-03-16
NCT07662213,"A Study to Find Out if the Study Drug Elecoglipron Helps Adults With Type 2 Diabetes Mellitus by Comparing it With Semaglutide, a Medicine Already Used to Treat Type 2 Diabetes Mellitus",RECRUITING,INTERVENTIONAL,PHASE3,1200,AstraZeneca,"Dallas, Houston, Katy, San Antonio, Sugar Land, Weslaco",2026-07-06,2028-05-23
NCT01042769,A Study With Aleglitazar in Patients With a Recent Acute Coronary Syndrome and Type 2 Diabetes Mellitus,COMPLETED,INTERVENTIONAL,PHASE3,7226,Hoffmann-La Roche,"Amarillo, Austin, Bellaire, Dallas, Grapevine, Houston, Kerrville, Kingwood, Lubbock, Odessa, Plano, San Antonio, Tomball, Victoria",2010-02,2013-11
NCT06737042,Efficacy and Safety of GZR18 Every 2 Weeks Versus Tirzepatide and Placebo in Obese or Overweight Participants,COMPLETED,INTERVENTIONAL,PHASE2,326,"Gan and Lee Pharmaceuticals, USA","Austin, Katy, San Antonio",2025-02-24,2026-02-27
NCT07340320,A Study of CX11 Tablets in Patients With Type 2 Diabetes Mellitus,RECRUITING,INTERVENTIONAL,PHASE2,240,Corxel Pharmaceuticals,"Dallas, Mesquite, San Antonio, Stephenville",2026-02-06,2027-01-07
NCT00717223,A Survey To Elicit The Relationship Between Literacy And Glycemic Control In Pediatric Diabetes,COMPLETED,OBSERVATIONAL,,110,Baylor College of Medicine,Houston,2007-06,2010-07
NCT00495469,Dose-Ranging Study In Subjects With Type 2 Diabetes Mellitus Who Are Treatment-Naive,COMPLETED,INTERVENTIONAL,PHASE2,250,GlaxoSmithKline,"Corpus Christi, Dallas, Harlingen/Texas, Houston, Midland, San Anonio, San Antonio",2007-08-17,2008-06-05
NCT01068756,Effect of Rifampin on the Pharmacokinetics of Dapagliflozin in Healthy Subjects,TERMINATED,INTERVENTIONAL,PHASE1,14,AstraZeneca,Austin,2010-03,2010-04
NCT03495102,A Study of the Efficacy and Safety of Dulaglutide (LY2189265) in Participants With Type 2 Diabetes,COMPLETED,INTERVENTIONAL,PHASE3,1842,Eli Lilly and Company,"Dallas, Mesquite, Shavano Park, Tomball, Waxahachie",2018-04-05,2019-10-10
NCT00039026,Evaluation of the Effect on Glucose Control of AC2993 in Patients With Type 2 Diabetes Mellitus Treated With a Sulfonylurea,COMPLETED,INTERVENTIONAL,PHASE3,377,AstraZeneca,"Austin, El Paso, Irving, Kingsville, McAllen, San Antonio",2002-02,2003-08
NCT04440449,Effect of Behavioral Lifestyle Intervention on Frailty in Older Adults With Diabetes,COMPLETED,INTERVENTIONAL,NA,20,The University of Texas Health Science Center at San Antonio,San Antonio,2019-07-15,2022-04-28
NCT07547878,Rapid and Simultaneous Initiation of Four Guideline-Directed CKD Therapies (RAPID-CKD),NOT_YET_RECRUITING,INTERVENTIONAL,PHASE4,64,Baylor Research Institute,Temple,2026-04-30,2029-03-31
NCT02592421,SGLT2 Inhibition and Stimulation of Endogenous Glucose Production: Protocol 2,COMPLETED,INTERVENTIONAL,PHASE3,30,The University of Texas Health Science Center at San Antonio,San Antonio,2015-10-23,2019-10-31
NCT00840307,Changes in Ectopic Fat Following Surgically Induced Weight Loss,COMPLETED,OBSERVATIONAL,,20,University of Texas Southwestern Medical Center,Dallas,2008-08,2012-12
NCT05232071,"Placebo-controlled, Proof-of-concept Study to Evaluate the Safety and Efficacy of Lanifibranor Alone and in Combination With SGLT2 Inhibitor EmpaGliflozin in patiEnts With NASH and Type 2 Diabetes Mellitus",COMPLETED,INTERVENTIONAL,PHASE2,42,Inventiva Pharma,"Austin, Dallas, San Antonio, Waco, Wichita Falls",2022-06-29,2024-06-04
NCT01719003,Safety and Efficacy Study of Empagliflozin and Metformin for 24 Weeks in Treatment Naive Patients With Type 2 Diabetes,COMPLETED,INTERVENTIONAL,PHASE3,1413,Boehringer Ingelheim,"Houston, Kingwood, San Antonio",2012-10,2014-12
NCT03058029,Effect of Gelesis200 on Body Weight in Overweight and Obese Subjects w/o Type 2 Diabetes,UNKNOWN,INTERVENTIONAL,NA,300,"Gelesis, Inc.","San Antonio, Sugar Land",2017-02-22,2021-01-15
NCT04537923,A Study of Tirzepatide (LY3298176) Versus Insulin Lispro (U100) in Participants With Type 2 Diabetes Inadequately Controlled on Insulin Glargine (U100) With or Without Metformin,COMPLETED,INTERVENTIONAL,PHASE3,1428,Eli Lilly and Company,"Dallas, Fort Worth, Houston, North Richland Hills, Round Rock, San Antonio, Shavano Park, Tomball",2020-10-19,2022-11-01
NCT00906529,Aggressive Versus Conservative Blood Glucose Control in Hospitalized Type 2 Diabetic Patients Using Detemir and Aspart Insulin,WITHDRAWN,INTERVENTIONAL,PHASE4,0,University of Texas Southwestern Medical Center,Dallas,2009-05,2011-03
NCT01017302,A Study With RO5095932 in Patients With Type 2 Diabetes on Stable Metformin Therapy.,COMPLETED,INTERVENTIONAL,PHASE1,32,Hoffmann-La Roche,San Antonio,2009-12,2011-08
NCT01989754,A Study of the Effects of Canagliflozin (JNJ-28431754) on Renal Endpoints in Adult Participants With Type 2 Diabetes Mellitus,COMPLETED,INTERVENTIONAL,PHASE4,5813,"Janssen Research & Development, LLC","Austin, Pearland",2014-01-16,2017-02-23
NCT00726713,Study of Metanx® in Subjects With Type 2 Diabetic Peripheral Neuropathy (DPN),COMPLETED,INTERVENTIONAL,PHASE4,214,"Pamlab, Inc.","Dallas, San Antonio, Temple",2008-06,2011-06
NCT04573920,Atrasentan in Patients With Proteinuric Glomerular Diseases,ACTIVE_NOT_RECRUITING,INTERVENTIONAL,PHASE2,103,Novartis Pharmaceuticals,"Dallas, Houston",2021-03-15,2026-10-27
NCT01458210,A Study of the Effect of Dulaglutide on How the Body Handles Oral Contraceptive in Healthy Female Participants,COMPLETED,INTERVENTIONAL,PHASE1,22,Eli Lilly and Company,Dallas,2011-10,2012-02
NCT00957268,"Pharmacokinetics, Pharmacodynamics, and Safety of Alogliptin in Children, Adolescents and Adults With Type 2 Diabetes Mellitus",COMPLETED,INTERVENTIONAL,PHASE1,46,Takeda,San Antonio,2009-09,2013-11
NCT00849017,Safety and Efficacy Study of Albiglutide in Type 2 Diabetes,COMPLETED,INTERVENTIONAL,PHASE3,309,GlaxoSmithKline,"Arlington, Cleburne, Corpus Christi, Dallas, Deer Park, El Paso, Fort Worth, Houston, Hurst, Katy, Lewisville, Midland, Odessa, San Antonio, Schertz, Sugar Land, Sugarland",2009-01,2013-02
NCT03242018,"A Study to Evaluate Safety and Effects of Sotagliflozin 400 and 200 mg on Glucose Control in Participants With Type 2 Diabetes, Severe Impairment of Kidney Function and Inadequate Blood Sugar Control",COMPLETED,INTERVENTIONAL,PHASE3,277,Lexicon Pharmaceuticals,"Beaumont, Dallas, Houston, Hurst, San Antonio",2017-08-16,2019-12-11
NCT05623189,HTD1801 in Adults With Nonalcoholic Steatohepatitis and Liver Fibrosis Who Have Type 2 Diabetes or Pre-Diabetes,COMPLETED,INTERVENTIONAL,PHASE2,218,HighTide Biopharma Pty Ltd,"Arlington, Austin, Brownsville, DeSoto, Georgetown, San Antonio, Waco",2022-12-27,2025-04-30
NCT01939496,"Evaluation of Blood Pressure Reduction, Safety, and Tolerability of Canagliflozin in Patients With Hypertension and Type 2 Diabetes Mellitus on Stable Doses of Anti-hyperglycemic and Anti-hypertensive Agents",COMPLETED,INTERVENTIONAL,PHASE4,171,"Janssen Scientific Affairs, LLC","Austin, Dallas, Houston, Plano, Sugar Land",2013-10,2015-04
NCT04786262,"A Safety, Tolerability, and Efficacy Study of VX-880 in Participants With Type 1 Diabetes",RECRUITING,INTERVENTIONAL,PHASE3,52,Vertex Pharmaceuticals Incorporated,Dallas,2021-03-29,2030-06-30
NCT04836546,Eversense® Non-adjunctive Use Post Approval Study,ACTIVE_NOT_RECRUITING,INTERVENTIONAL,NA,925,"Senseonics, Inc.","Austin, Dallas, Houston, McAllen",2021-04-13,2026-03-31
NCT06853990,Innovative Automated Insulin Delivery System for Type 2 Diabetes,COMPLETED,INTERVENTIONAL,NA,307,Deka Research and Development,Austin,2025-04-14,2026-05-06
NCT00106808,Study of Muraglitazar Versus Pioglitazone in Type 2 Diabetes,COMPLETED,INTERVENTIONAL,PHASE3,1440,Bristol-Myers Squibb,"Austin, Corpus Christi, Houston, Irving, Midland, New Braunfels, Pearland, Rosenberg, San Antonio",2005-08,2006-08
NCT00375960,A Research Study of V3381 for the Treatment of Diabetic Peripheral Neuropathic Pain,COMPLETED,INTERVENTIONAL,PHASE2,50,Vernalis (R&D) Ltd,San Antonio,2006-06,2007-04
NCT02229396,Phase 3 28-Week Study With 24-Week and 52-week Extension Phases to Evaluate Efficacy and Safety of Exenatide Once Weekly and Dapagliflozin Versus Exenatide and Dapagliflozin Matching Placebo,COMPLETED,INTERVENTIONAL,PHASE3,695,AstraZeneca,"Dallas, Houston, Pearland, San Antonio, Tomball",2014-09-04,2017-12-28
NCT00499707,Efficacy and Safety Study of Rosiglitazone/Metformin Therapy vs Rosiglitazone and Metformin in Type 2 Diabetes Subjects,COMPLETED,INTERVENTIONAL,PHASE3,453,GlaxoSmithKline,"Arlington, Beaumont, Bryan, Dallas, Midland, San Antonio",2003-10-08,2004-12-16
NCT00309244,Efficacy and Safety in Subjects With Type 2 Diabetes Receiving Subcutaneous Basal Insulin and Prandial Inhalation of Technosphere/Insulin Versus Subcutaneous Premixed Insulin Therapy Over a 52-Week Treatment Period and a 4-Week Follow-up,COMPLETED,INTERVENTIONAL,PHASE3,677,Mannkind Corporation,"Arlington, Dallas, Friendswood, Houston, San Antonio",2006-02,2008-09
NCT00486109,"A Prospective, Randomized, Parallel Crossover Study Demonstrating Subject Wearability and Usability of the I-Port Injection Port",COMPLETED,INTERVENTIONAL,NA,74,Patton Medical Devices,"Austin, Dallas, San Antonio",2006-10,2007-01
NCT00570466,Computer Based Intervention for Type 2 Diabetes in Youth,COMPLETED,INTERVENTIONAL,NA,153,National Institute of Diabetes and Digestive and Kidney Diseases (NIDDK),Houston,2008-01,2011-12
NCT04450407,A Study of LY3209590 in Participants With Type 1 Diabetes,COMPLETED,INTERVENTIONAL,PHASE2,266,Eli Lilly and Company,"Austin, Dallas, Fort Worth, Houston, Mesquite, Round Rock, Shavano Park",2020-07-06,2021-10-01
NCT06242808,Medically Tailored Groceries and Food Resource Coaching,COMPLETED,INTERVENTIONAL,NA,210,University of Texas Southwestern Medical Center,Dallas,2024-05-31,2025-04-28
NCT00698789,Evaluate the Safety and Tolerability of INCB019602 When Administered With Metformin in Patients With Type 2 Diabetes,TERMINATED,INTERVENTIONAL,PHASE2,48,Incyte Corporation,San Antonio,2008-05,2009-06
NCT01398423,INV-144 Versus Losartan in Hypertension and Type 2 Diabetes Mellitus Patients With Macroalbuminuria,COMPLETED,INTERVENTIONAL,PHASE2,88,"InVasc Therapeutics, Inc.",San Antonio,2011-06,2012-07
NCT04991142,Models of Nutrition From Continuous Glucose Monitors,COMPLETED,OBSERVATIONAL,,45,Texas A&M University,College Station,2021-09-17,2024-08-01
NCT05815342,OP5-005 Using Omnipod 5 in Adults With Type 2,COMPLETED,INTERVENTIONAL,NA,343,Insulet Corporation,"Austin, Fort Worth, San Antonio",2023-04-11,2024-03-01
NCT02849080,Efficacy and Safety of Oral Semaglutide Using a Flexible Dose Adjustment Based on Clinical Evaluation Versus Sitagliptin in Subjects With Type 2 Diabetes Mellitus.,COMPLETED,INTERVENTIONAL,PHASE3,504,Novo Nordisk A/S,"Corpus Christi, Dallas",2016-09-20,2019-03-27
NCT00518882,Effect of Liraglutide or Exenatide Added to an Ongoing Treatment on Blood Glucose Control in Subjects With Type 2 Diabetes,COMPLETED,INTERVENTIONAL,PHASE3,467,Novo Nordisk A/S,"Austin, Corpus Christi, Dallas, Houston, Midland, San Antonio",2007-08,2009-04
NCT02324842,Effect of Combined Incretin-Based Therapy Plus Canagliflozin on Glycemic Control and the Compensatory Rise in Hepatic Glucose Production in Type 2 Diabetic Patients,COMPLETED,INTERVENTIONAL,NA,45,The University of Texas Health Science Center at San Antonio,San Antonio,2014-11,2019-03-31
NCT06143566,Polypill for Prevention of Cardiomyopathy,RECRUITING,INTERVENTIONAL,"PHASE1, PHASE2",200,University of Texas Southwestern Medical Center,Dallas,2024-03-11,2027-12-01
NCT06719531,SYNERGY PLUS: Evaluation of Next Generation Sensors (NGS) and Algorithm in Patients With Type 1 and Type 2 Diabetes,WITHDRAWN,INTERVENTIONAL,NA,0,"Medtronic MiniMed, Inc.","Austin, McKinney, Round Rock, San Antonio",2025-05,2025-12
NCT01087502,Safety and Efficacy of Linagliptin in Type-2-diabetes Mellitus Patients With Moderate to Severe Renal Impairment,COMPLETED,INTERVENTIONAL,PHASE3,241,Boehringer Ingelheim,"Arlington, Dallas, Houston",2010-03,
NCT01432405,Effect Of Exenatide Treatment on Liver Fat Content in Patients With Diabetes,COMPLETED,INTERVENTIONAL,PHASE4,24,Baylor College of Medicine,Houston,2007-06,2009-06
NCT04770532,"A Research Study to Compare Two Types of Insulin, a New Weekly Insulin, Insulin Icodec and an Available Daily Insulin, Insulin Degludec, in People With Type 2 Diabetes Who Use Daily Insulin",COMPLETED,INTERVENTIONAL,PHASE3,526,Novo Nordisk A/S,"Amarillo, Corpus Christi, Dallas, Fort Worth, Houston, San Antonio, Sugar Land, Waco",2021-03-05,2022-03-01
NCT00392678,Targeting INflammation Using SALsalate in Type 2 Diabetes (TINSAL-T2D),COMPLETED,INTERVENTIONAL,"PHASE2, PHASE3",277,Joslin Diabetes Center,Dallas,2006-10,2010-12
NCT00653185,Efficacy of SYR-472 in Subjects With Type 2 Diabetes Mellitus,COMPLETED,INTERVENTIONAL,PHASE2,369,Takeda,"Arlington, Fort Worth, North Richland Hills, San Antonio, Spring, Sugarland",2007-05,2008-03
NCT00760578,A Placebo Controlled Safety and Efficacy Study of MSDC-0160 in Type 2 Diabetes With Active Comparator,COMPLETED,INTERVENTIONAL,PHASE2,86,Metabolic Solutions Development Company,"Dallas, San Antonio",2008-09,2009-02
NCT00939250,A Comprehensive Intervention for Diabetes and Comorbid Depression in Primary Care,COMPLETED,INTERVENTIONAL,PHASE4,20,University of Texas Southwestern Medical Center,Dallas,2009-10,2011-12
NCT04880291,"First-In-Human Study of GFB-024 in Healthy Overweight and Obese Participants, and Participants With Type 2 Diabetes",COMPLETED,INTERVENTIONAL,PHASE1,39,"Goldfinch Bio, Inc.",San Antonio,2021-05-05,2022-02-08
NCT02647320,12-Week Study of DS-8500a in Subjects With Type 2 Diabetes Mellitus on Metformin,COMPLETED,INTERVENTIONAL,PHASE2,298,Daiichi Sankyo,"Austin, Dallas, Houston, Plano, San Antonio",2016-01,2017-01-31
NCT03808376,PROMISE Study: An Evaluation of an Implantable Continuous Glucose Sensor up to 180 Days,COMPLETED,INTERVENTIONAL,NA,208,"Senseonics, Inc.",San Antonio,2018-12-27,2020-05-08
NCT00094991,Mechanism of Action and Efficacy of Muraglitazar in Type 2 Diabetes,COMPLETED,INTERVENTIONAL,PHASE3,42,Bristol-Myers Squibb,San Antonio,2004-05,2006-05
NCT01601574,Weight Loss Study for People With Type 2 Diabetes,COMPLETED,INTERVENTIONAL,PHASE3,563,Medical University of South Carolina,"Dallas, San Antonio",2012-05,2014-09
NCT00800683,"Safety and Efficacy in Type 2 Diabetic Patients With Severe Chronic Renal Impairment, 5 mg BI 1356 (Linagliptin) vs. Placebo, Insulin Background Inclusive",COMPLETED,INTERVENTIONAL,PHASE3,133,Boehringer Ingelheim,"Austin, Dallas, Lufkin",2008-12,
NCT04657003,A Study of Tirzepatide (LY3298176) in Participants With Type 2 Diabetes Who Have Obesity or Are Overweight,COMPLETED,INTERVENTIONAL,PHASE3,938,Eli Lilly and Company,"Austin, Dallas, Fort Worth, Houston",2021-03-29,2023-04-10
NCT00838903,Efficacy and Safety of Albiglutide in Treatment of Type 2 Diabetes,COMPLETED,INTERVENTIONAL,PHASE3,1049,GlaxoSmithKline,"Arlington, Bedford, Cleburne, Corpus Christi, Dallas, Deer Park, El Paso, Fort Worth, Houston, Hurst, Katy, Lake Jackson, Lewisville, Midland, North Richland Hills, Odessa, San Antonio, Schertz, Sugar Land, Sugarland, Temple",2009-02,2013-04
NCT02537470,Safety and Efficacy of Biphasic Remogliflozin Etabonate in the Treatment of Type 2 Diabetes,COMPLETED,INTERVENTIONAL,PHASE2,191,BHV Pharma,"Austin, Corpus Christi, Houston",2015-07,2016-08
NCT02836873,Safety and Efficacy of Bexagliflozin in Type 2 Diabetes Mellitus Patients With Moderate Renal Impairment,COMPLETED,INTERVENTIONAL,PHASE3,312,Theracos,"Austin, North Richland Hills, Round Rock, San Antonio",2016-09-23,2018-01-11
NCT01126580,A Study in Participants With Type 2 Diabetes Mellitus (AWARD-3),COMPLETED,INTERVENTIONAL,PHASE3,807,Eli Lilly and Company,"Austin, Georgetown",2010-05,2012-06
NCT02131272,A Trial Investigating the Efficacy and Safety of Insulin Detemir Versus Insulin NPH in Combination With Metformin and Diet/Exercise in Children and Adolescents With Type 2 Diabetes Insufficiently Controlled on Metformin With or Without Other Oral Antidiabetic Drug(s) With or Without Basal Insulin,TERMINATED,INTERVENTIONAL,PHASE3,42,Novo Nordisk A/S,"Amarillo, Edinburg",2014-06-11,2016-06-14
NCT05111301,Control-IQ Technology in Individuals With Type 2 Diabetes,COMPLETED,INTERVENTIONAL,NA,30,"Tandem Diabetes Care, Inc.",Austin,2021-11-30,2022-08-18
NCT02932475,Medical Optimization of Management of Type 2 Diabetes Complicating Pregnancy (MOMPOD),TERMINATED,INTERVENTIONAL,PHASE3,831,"University of North Carolina, Chapel Hill","Galveston, Houston",2017-05-25,2022-06-15
NCT05131139,Enhance Study: Evaluation of Accuracy and Safety of the Eversense CGM System With Enhanced Features,UNKNOWN,INTERVENTIONAL,NA,350,"Senseonics, Inc.",San Antonio,2021-10-20,2025-09-30
NCT00519142,Mitiglinide in Combination With Metformin vs. Metformin Alone in Patients With Type 2 Diabetes Mellitus,COMPLETED,INTERVENTIONAL,PHASE3,367,Elixir Pharmaceuticals,"Dallas, El Paso, Fort Worth, Houston, Humble, Midland, New Braunfels, North Richland Hills, Pearland, Plano, San Antonio, Temple",2007-08,2008-10
NCT03219320,Efficacy and Safety of NYX-2925 in Subjects With Neuropathic Pain Associated With Diabetic Peripheral Neuropathy,COMPLETED,INTERVENTIONAL,PHASE2,301,Aptinyx,"Austin, Houston, Plano",2017-06-27,2018-11-02
NCT00525577,ANDES-AGI-1067 as a Novel Antidiabetic Agent Evaluation Study,UNKNOWN,INTERVENTIONAL,"PHASE2, PHASE3",1012,AtheroGenics,San Antonio,2007-08,2008-09
NCT01455857,A Study to Evaluate ITCA 650 for the Treatment of Type 2 Diabetes,COMPLETED,INTERVENTIONAL,PHASE3,460,Intarcia Therapeutics,"Austin, Carrolton, Corpus Cristi, Dallas, Fort Worth, Houston, San Angelo, San Antonio, Sugar Land, Tomball",2013-03,2014-09
NCT07400653,A Study to Learn About the Study Medicine (PF-08653944) in People With Obesity or Overweight and Type 2 Diabetes (T2D),RECRUITING,INTERVENTIONAL,PHASE3,999,Pfizer,"Amarillo, Austin, El Paso, Houston, Richardson",2026-02-24,2028-05-16
NCT04090242,Impact of App Based Diabetes Training Program in Conjunction With the BD Nano Pen Needle in People With T2 Diabetes,TERMINATED,INTERVENTIONAL,NA,58,"Becton, Dickinson and Company",Austin,2019-09-06,2020-06-12
NCT00839527,A Study to Determine the Safety and Efficacy of Albiglutide in Subjects With Type 2 Diabetes,COMPLETED,INTERVENTIONAL,PHASE3,685,GlaxoSmithKline,"Arlington, Bedford, Cleburne, Corpus Christi, Dallas, Deer Park, El Paso, Fort Worth, Houston, Hurst, Katy, Lake Jackson, Lewisville, Midland, North Richland Hills, Odessa, San Antonio, Schertz, Sugar Land, Sugarland, Temple",2009-02,2013-04
NCT00820573,Mechanisms of Glucose Lowering Effects of Sitagliptin and Metformin Alone and in Combination in Patients With T2DM,COMPLETED,INTERVENTIONAL,PHASE4,16,The University of Texas Health Science Center at San Antonio,San Antonio,2009-10,2012-10
NCT00283751,Comparison of Insulin Detemir or Insulin Glargine as Add on to Oral Antidiabetic Drugs in Type 2 Diabetes,COMPLETED,INTERVENTIONAL,PHASE3,583,Novo Nordisk A/S,"Dallas, San Antonio",2003-03,2004-11
NCT01576328,Safety Study of Mesenchymal Precursor Cells in Type 2 Diabetes,COMPLETED,INTERVENTIONAL,"PHASE1, PHASE2",61,"Mesoblast, Ltd.","Dallas, Houston, San Antonio",2012-04,2015-10
NCT01441232,A Study to Evaluate the Pharmacodynamic Effects of Single-Dose Co-Administration of LX4211 With Januvia® in Type 2 Diabetics,COMPLETED,INTERVENTIONAL,PHASE1,18,Lexicon Pharmaceuticals,San Antonio,2011-10,
NCT00111800,A New Oral Treatment For Type II Diabetes Mellitus,COMPLETED,INTERVENTIONAL,PHASE2,375,GlaxoSmithKline,"Arlington, Dallas, San Antonio",2005-04-28,2006-07-21
NCT05936151,A Study of Retatrutide (LY3437943) on Renal Function in Participants With Overweight or Obesity and Chronic Kidney Disease With or Without Type 2 Diabetes,COMPLETED,INTERVENTIONAL,PHASE2,146,Eli Lilly and Company,"Houston, Webster",2023-07-20,2025-10-21
NCT06892002,Description of Patients With Type 1 Diabetes Treated With Teplizumab,COMPLETED,OBSERVATIONAL,,110,Sanofi,"Dallas, El Paso",2025-02-11,2025-08-05
NCT03751657,A Research Study to Compare Insulin 287 Once a Week to Insulin Glargine (100 Units/mL) Once a Day in People With Type 2 Diabetes.,COMPLETED,INTERVENTIONAL,PHASE2,247,Novo Nordisk A/S,"Austin, Dallas",2018-11-29,2020-01-17
NCT00042471,Evaluation of the Bioavailability of Pramlintide,COMPLETED,INTERVENTIONAL,PHASE2,75,AstraZeneca,Austin,2002-06,2002-12
NCT07351058,A Clinical Study to Evaluate the Effects of Enicepatide (RO7795068) in Participants With Obesity or Overweight and Type 2 Diabetes,RECRUITING,INTERVENTIONAL,PHASE3,1600,Hoffmann-La Roche,"Dallas, Edinburg, Houston, Pasadena, Tomball",2026-03-23,2028-08-07
NCT01040819,Does Pioglitazone Increase the Production of 15-EPI-Lipoxin A4?,COMPLETED,INTERVENTIONAL,PHASE4,25,Baylor College of Medicine,Houston,2010-02,2011-12
NCT00399711,Effect of Repaglinide and Metformin Combination Tablet or Rosiglitazone and Metformin in Fixed Dose Combination on Blood Glucose Control in Patients With Type 2 Diabetes,COMPLETED,INTERVENTIONAL,PHASE3,560,Novo Nordisk A/S,"Corpus Christi, Dallas, Houston, Midland, Plano, San Antonio",2006-11,2007-11
NCT01496430,Efficacy and Safety of Azilsartan Medoxomil Used in Combination With Metformin in Participants With Hypertension and Diabetes,TERMINATED,INTERVENTIONAL,PHASE3,105,Takeda,"Dallas, Houston, Irving, North Richland Hills, Pearland, San Antonio",2012-01,2013-05
NCT01499095,Comparison of a New Formulation of Insulin Glargine With Lantus in Patients With Type 2 Diabetes on Basal Insulin With Oral Antidiabetic Therapy,COMPLETED,INTERVENTIONAL,PHASE3,811,Sanofi,"Austin, Corpus Christi, Dallas, Houston, San Antonio",2011-12,2013-11
NCT02906930,Efficacy and Safety of Oral Semaglutide Versus Placebo in Subjects With Type 2 Diabetes Mellitus Treated With Diet and Exercise Only,COMPLETED,INTERVENTIONAL,PHASE3,703,Novo Nordisk A/S,"Dallas, Houston, Mesquite, San Antonio, Sugar Land, Waco",2016-09-20,2017-12-08
NCT01474538,Safety and Efficacy Study of Insulin Lispro Versus Insulin Aspart in Participants With Type 2 Diabetes on Insulin Pump Therapy,COMPLETED,INTERVENTIONAL,PHASE3,122,Eli Lilly and Company,Austin,2011-12,2013-02
NCT00741429,A 2-Month Safety Follow-Up Trial,COMPLETED,OBSERVATIONAL,,649,Mannkind Corporation,"Arlington, Colleyville, Dallas, Friendswood, Plano, San Antonio, Temple",2007-05,2008-09
NCT00111631,A Study of DPP-IV Inhibitor in Patients With Type 2 Diabetes,COMPLETED,INTERVENTIONAL,PHASE2,218,Hoffmann-La Roche,"Dallas, Midland, San Antonio",2005-05,2006-10
NCT00242372,GALLANT 9 Tesaglitazar vs. Placebo in Combination With Insulin,TERMINATED,INTERVENTIONAL,PHASE3,370,AstraZeneca,"Corpus Christie, Dallas, Fort Worth, Houston, San Antonio",2004-08,2006-03
NCT00737633,Open-Label Study to Evaluate the Long-Term Safety and Efficacy of VI-0521 in Type 2 Diabetic Adults,TERMINATED,INTERVENTIONAL,PHASE2,101,VIVUS LLC,"Austin, San Antonio",2008-08,2009-06
NCT01258075,Colesevelam for Children With Type 2 Diabetes,COMPLETED,INTERVENTIONAL,PHASE4,236,Daiichi Sankyo,"Dallas, Houston, San Antonio",2011-02-24,2020-04-21
NCT03969719,A Double-blind Study to Assess 2 Doses of an Investigational Product for 16 Weeks in Participants With Non-alcoholic Fatty Liver Disease and Type 2 Diabetes Mellitus,COMPLETED,INTERVENTIONAL,PHASE2,164,Pfizer,"Dallas, Houston, Live Oak, San Antonio, Schertz",2019-07-18,2021-03-30
NCT07282600,"A Study of Eloralintide (LY3841136) in Participants With Obesity or Overweight, and Type 2 Diabetes",RECRUITING,INTERVENTIONAL,PHASE3,1035,Eli Lilly and Company,"Austin, Corpus Christi, Dallas, Fort Worth, Houston, Mesquite, Plano, San Antonio",2025-12-15,2028-02
NCT02251431,Extended Release Exenatide Versus Placebo In Diabetic Patients With Type 4 Cardiorenal Syndrome,COMPLETED,INTERVENTIONAL,PHASE3,57,Baylor Research Institute,Dallas,2015-11,2019-12
NCT02664233,Connecting Smartphones With Electronic Health Record to Facilitate Behavioral Goal Monitoring in Diabetes Care,COMPLETED,INTERVENTIONAL,EARLY_PHASE1,60,"The University of Texas Health Science Center, Houston",Houston,2015-06,2016-08
NCT01850615,"Efficacy and Safety of FIAsp in a Basal-bolus Regimen Versus Basal Insulin Therapy, Both in Combination With Metformin in Adult Subjects With Type 2 Diabetes",COMPLETED,INTERVENTIONAL,PHASE3,323,Novo Nordisk A/S,"Fort Worth, Houston, San Antonio, Sugar Land",2013-09-23,2014-11-17
NCT02128932,Efficacy and Safety of Semaglutide Once Weekly Versus Insulin Glargine Once Daily as add-on to Metformin With or Without Sulphonylurea in Insulin-naïve Subjects With Type 2 Diabetes,COMPLETED,INTERVENTIONAL,PHASE3,1089,Novo Nordisk A/S,"Amarillo, Austin, Dallas, Fort Worth, Houston, Humble, Hurst, Irving, Longview, Marshall, Plano, San Antonio",2014-08-04,2015-09-03
NCT06132126,A Study to Investigate the Safety and Tolerability of LY3938577 in Healthy Participants and Participants With Type 2 Diabetes Mellitus,COMPLETED,INTERVENTIONAL,PHASE1,66,Eli Lilly and Company,Dallas,2023-11-17,2024-06-28
NCT06246799,Comparative Effectiveness of Two Initial Combination Therapies in Patients With Recent Onset Diabetes,RECRUITING,INTERVENTIONAL,PHASE3,256,The University of Texas Health Science Center at San Antonio,San Antonio,2024-11-07,2029-06-30
NCT01381887,A Study to Evaluate the Effect of JNJ-28431754 (Canagliflozin) on Post-Meal Glucose in Patients With Type 2 Diabetes Mellitus,COMPLETED,INTERVENTIONAL,PHASE1,37,"Johnson & Johnson Pharmaceutical Research & Development, L.L.C.","Dallas, San Antonio",2011-06,2011-11
NCT00853151,A Study to Test the Combination of Two Different Kinds of Medications for the Treatment of Diabetes,COMPLETED,INTERVENTIONAL,PHASE1,131,Eli Lilly and Company,"Dallas, Houston, San Antonio",2009-02,2010-05
NCT03066830,Efficacy and Safety of Sotagliflozin Versus Placebo in Participants With Type 2 Diabetes Mellitus on Background of Sulfonylurea Alone or With Metformin,COMPLETED,INTERVENTIONAL,PHASE3,507,Lexicon Pharmaceuticals,"Dallas, Houston",2017-02-24,2019-04-30
NCT02429258,Effect of Dapagliflozin on 24-hour Blood Glucose in T2DM Patients Inadequately Controlled With Either Metformin Or Insulin,COMPLETED,INTERVENTIONAL,PHASE4,226,AstraZeneca,"Dallas, Houston, Hurst",2015-05,2015-10
NCT07662135,A Phase III Study to Investigate the Efficacy and Safety of Elecoglipron Compared With Placebo in Adults With Type 2 Diabetes Mellitus and Impaired Renal Function on Background Dapagliflozin,RECRUITING,INTERVENTIONAL,PHASE3,900,AstraZeneca,San Antonio,2026-07-06,2028-07-13
NCT03414736,A Study on Safety and Tolerability of SAR425899 in Overweight to Obese Subjects and Type 2 Diabetes Mellitus Patients Not Requiring Anti-Diabetic Pharmacotherapy With an Optional 6-month Safety Extension Period,COMPLETED,INTERVENTIONAL,PHASE1,60,Sanofi,Austin,2018-01-19,2018-10-05
NCT03078478,A Trial Comparing the Efficacy and Safety of Insulin Degludec and Insulin Glargine 300 Units/mL in Subjects With Type 2 Diabetes Mellitus Inadequately Treated With Basal Insulin With or Without Oral Antidiabetic Drugs,COMPLETED,INTERVENTIONAL,PHASE3,1609,Novo Nordisk A/S,"Amarillo, Arlington, Austin, Dallas, Fort Worth, Houston, Humble, Kerrville, New Braunfels, Plano, San Antonio, Waco",2017-03-13,2019-03-04
NCT04460885,"A Research Study to Compare Two Types of Insulin, a New Insulin, Insulin Icodec and an Available Insulin, Insulin Glargine, in People With Type 2 Diabetes Who Have Not Used Insulin Before",COMPLETED,INTERVENTIONAL,PHASE3,984,Novo Nordisk A/S,"Austin, Dallas, Houston, Lampasas, Round Rock, San Antonio, Sugar Land",2020-11-25,2022-12-01
NCT00286468,Study of Alogliptin Combined With Sulfonylurea in Subjects With Type 2 Diabetes Mellitus.,COMPLETED,INTERVENTIONAL,PHASE3,500,Takeda,"Corpus Christi, Dallas, San Antonio, Temple, Texarkana",2006-04,2007-06
NCT00406458,Clinical Trial of SB-509 in Subjects With Diabetic Neuropathy,COMPLETED,INTERVENTIONAL,PHASE2,110,Sangamo Therapeutics,"Houston, San Antonio",2006-11,2009-05
NCT07502508,Phase 2 Trial of Icovamenib in Participants With Type 2 Diabetes Mellitus Who Are Not Achieving Glycemic Targets While Using GLP-1-Based Therapy,RECRUITING,INTERVENTIONAL,PHASE2,60,Biomea Fusion Inc.,"Austin, Dallas, Houston, Lewisville, San Antonio",2026-04-30,2027-07
NCT04373265,Study of Relacorilant in Combination With Pembrolizumab for Patients With Adrenocortical Carcinoma Which Produces Too Much Stress Hormone (Cortisol),COMPLETED,INTERVENTIONAL,PHASE1,15,Corcept Therapeutics,Houston,2020-09-30,2024-01-12
NCT07089784,Multiple Dose Study of MK-2828 in Participants With Type 2 Diabetes (MK-2828-003),COMPLETED,INTERVENTIONAL,PHASE1,46,Merck Sharp & Dohme LLC,San Antonio,2025-09-22,2026-05-04
NCT03713684,Efficacy and Safety of Efpeglenatide Versus Placebo in Patients With Type 2 Diabetes Mellitus Inadequately Controlled With Basal Insulin Alone or in Combination With Oral Antidiabetic Drug(s),TERMINATED,INTERVENTIONAL,PHASE3,370,Sanofi,"Dallas, San Antonio",2018-11-09,2021-01-04
NCT02139943,A Study of Effects of Canagliflozin as Add-on Therapy to Insulin in the Treatment of Participants With Type 1 Diabetes Mellitus (T1DM),COMPLETED,INTERVENTIONAL,PHASE2,352,"Janssen Research & Development, LLC","Arlington, Austin, Dallas, El Paso, Houston, San Antonio, Schertz, Tomball",2014-05,2015-06
NCT01285518,Safety And Tolerability Of Escalating Intravenous Doses Of PF-05231023 In Adult Subjects With Type 2 Diabetes,COMPLETED,INTERVENTIONAL,PHASE1,84,Pfizer,San Antonio,2011-02,2011-07
NCT03908125,Post Approval Study of the Eversense® Continuous Glucose Monitoring,COMPLETED,INTERVENTIONAL,NA,273,"Senseonics, Inc.","Austin, Cypress, Houston, San Antonio, Shavano Park",2019-03-19,2024-02-01
NCT00744926,A Study of Taspoglutide Versus Placebo for the Treatment of Patients With Type 2 Diabetes Mellitus Inadequately Controlled With Diet and Exercise.,COMPLETED,INTERVENTIONAL,PHASE3,373,Hoffmann-La Roche,San Antonio,2008-08,2010-04
NCT03985293,A 16 Week Study to Evaluate the Efficacy and Safety of PF-06882961 in Adults With Type 2 Diabetes Mellitus,COMPLETED,INTERVENTIONAL,PHASE2,412,Pfizer,"Dallas, Houston, Live Oak, San Antonio, Tomball",2019-10-15,2021-07-07
NCT01991795,A Study Comparing Cardiovascular Effects of Ticagrelor Versus Placebo in Patients With Type 2 Diabetes Mellitus,COMPLETED,INTERVENTIONAL,PHASE3,19271,AstraZeneca,"Amarillo, Arlington, Austin, Beaumont, Channelview, Dallas, Fort Sam Houston, Fort Worth, Georgetown, Houston, Huntsville, Katy, Kingwood, Lubbock, McAllen, Pharr, Plano, San Antonio, Shavano Park",2014-02-10,2019-01-25
NCT02730377,Efficacy in Controlling Glycaemia With Victoza® (Liraglutide) as add-on to Metformin vs. OADs as add-on to Metformin After up to 104 Weeks of Treatment in Subjects With Type 2 Diabetes,COMPLETED,INTERVENTIONAL,PHASE4,1991,Novo Nordisk A/S,"Arlington, Carrollton, Corpus Christi, Dallas, Fort Worth, Georgetown, Gonzales, Houston, Irving, Kerrville, Killeen, Longview, Missouri City, New Braunfels, San Antonio, Splendora, Sugar Land, Waco",2016-03-28,2019-08-12
NCT00103935,Study Examining Exenatide Long-Acting Release in Subjects With Type 2 Diabetes,COMPLETED,INTERVENTIONAL,PHASE2,45,AstraZeneca,San Antonio,2005-02,2005-10
NCT00768040,Efficacy of Aliskiren in the Treatment of Diabetic Macular Edema,TERMINATED,INTERVENTIONAL,PHASE2,39,Novartis Pharmaceuticals,Houston,2008-09,2011-02
NCT00106366,Comparison of Insulin Detemir With Insulin Glargine in Type 2 Diabetes,COMPLETED,INTERVENTIONAL,PHASE3,389,Novo Nordisk A/S,"Arlington, Dallas, Houston, Midland, Plano, San Antonio",2005-03,2005-12
NCT05706506,A Study of Tirzepatide (LY3298176) in Adults With Type 2 Diabetes Switching From a GLP-1 RA (SURPASS-SWITCH-2),COMPLETED,INTERVENTIONAL,PHASE4,152,Eli Lilly and Company,"Austin, Dallas, Houston, Shavano Park, Waxahachie",2023-03-08,2023-10-31
NCT01778049,Linagliptin as Add on Therapy to Empagliflozin 10 mg or 25 mg With Background Metformin in Patient With Type 2 Diabetes,COMPLETED,INTERVENTIONAL,PHASE3,708,Boehringer Ingelheim,North Richland Hills,2013-01,2015-03
NCT01768559,Efficacy and Safety of Lixisenatide Versus Insulin Glulisine on Top of Insulin Glargine With or Without Metformin in Type 2 Diabetic Patients,COMPLETED,INTERVENTIONAL,PHASE3,894,Sanofi,"Corpus Christi, Dallas, Houston",2013-01,2014-12
NCT02111096,A Study of LY2409021 in Participants With Type 2 Diabetes Mellitus,TERMINATED,INTERVENTIONAL,PHASE2,174,Eli Lilly and Company,"Dallas, Georgetown, San Antonio",2014-04,2015-09
NCT00279045,Diabetes Study With Rosiglitazone Monotherapy Versus Metformin Or Glyburide/Glibenclamide,COMPLETED,INTERVENTIONAL,PHASE3,4426,GlaxoSmithKline,"Arlington, Austin, Beaumont, Corpus Christi, Dallas, Fort Worth, Houston, Irving, Midland, San Antonio",2000-01-03,2006-06-19
NCT03199053,Study to Evaluate Safety and Efficacy of Dapagliflozin and Saxagliptin in Patients With Type 2 Diabetes Mellitus (T2DM) Aged 10 to Below 18 Years Old,COMPLETED,INTERVENTIONAL,PHASE3,256,AstraZeneca,"Edinburg, Harlingen, McAllen, San Antonio",2017-10-11,2024-01-03
NCT01664637,Diabetic Gastroparesis Efficacy/Safety Study of TZP-102,TERMINATED,INTERVENTIONAL,PHASE2,120,"Tranzyme, Inc.",El Paso,2012-08,2013-02
NCT07521475,Evaluation of the Fully Closed Loop Omnipod® System in Type 2 Diabetes,RECRUITING,INTERVENTIONAL,NA,350,Insulet Corporation,"Austin, McKinney, San Antonio",2026-04-30,2027-09-23
NCT02119819,A Study to Compare a New Drug for Type 2 Diabetes to Placebo and to a Treatment Already Available for Type 2 Diabetes,COMPLETED,INTERVENTIONAL,PHASE2,420,"OPKO Health, Inc.","Austin, Dallas, Georgetown, San Antonio, Sugar Land",2014-04,2015-10
NCT01280695,"A Randomized, Double-Blind, Comparator- and Placebo-Controlled, Multiple-Dose Study to Evaluate the Safety, Tolerability and Efficacy of Three Dose Levels of MSDC-0602 in Type 2 Diabetic Patients",COMPLETED,INTERVENTIONAL,PHASE2,129,Metabolic Solutions Development Company,"Austin, San Antonio",2011-02,2011-06
NCT00846300,A Brief Intervention to Improve Medication Knowledge and Adherence Among Family Medicine Patients in South Texas,COMPLETED,INTERVENTIONAL,NA,150,The University of Texas Health Science Center at San Antonio,"Corpus Christi, Harlingen, Laredo, McAllen, San Antonio",2001-08,2003-05
NCT00683657,Safety and Efficacy Study of Subjects That Are Taking Saxagliptin Added Onto Metformin XR Compared to Subjects Taking Metformin XR Alone,COMPLETED,INTERVENTIONAL,PHASE3,93,AstraZeneca,San Antonio,2008-07,2009-02
NCT00717457,"A Study of Taspoglutide Versus Exenatide for the Treatment of Patients With Type 2 Diabetes Mellitus Inadequately Controlled With Metformin, Thiazolidinedione or a Combination of Both.",COMPLETED,INTERVENTIONAL,PHASE3,1189,Hoffmann-La Roche,"Austin, Dallas, Houston",2008-07,2011-03
NCT00115973,A Study of the Treatment of Type 2 Diabetes With an Insulin Infusion Pump,COMPLETED,INTERVENTIONAL,PHASE1,71,Novo Nordisk A/S,San Antonio,2005-06,2006-01
NCT06525259,DISCOVERY of Risk Factors for Type 2 Diabetes in Youth,RECRUITING,OBSERVATIONAL,,3600,George Washington University,Houston,2024-10-01,2028-01-31
NCT01620489,Efficacy and Safety of Liraglutide Versus Placebo as add-on to Existing Diabetes Medication in Subjects With Type 2 Diabetes and Moderate Renal Impairment,COMPLETED,INTERVENTIONAL,PHASE3,279,Novo Nordisk A/S,"Amarillo, Lubbock, Sugar Land",2012-06-14,2013-08-20
NCT00391196,"A 1-Year Study On The Effects Of CP-945,598 For The Treatment Of Obesity In Overweight Type 2 Diabetic Patients",TERMINATED,INTERVENTIONAL,PHASE3,975,Pfizer,"Dallas, San Antonio",2006-11,2009-01
NCT05872620,A Study of Orforglipron in Adult Participants With Obesity or Overweight and Type 2 Diabetes,COMPLETED,INTERVENTIONAL,PHASE3,1613,Eli Lilly and Company,"Dallas, DeSoto, Denison, Houston, San Antonio",2023-06-05,2025-08-08
NCT02735044,Comparison of the Safety and Efficacy of HOE901-U300 With Lantus in Children and Adolescents With Type 1 Diabetes Mellitus,COMPLETED,INTERVENTIONAL,PHASE3,463,Sanofi,"Dallas, Lufkin",2016-04-14,2018-12-20
NCT07053293,"SGLT2i, Hepatic Glucose Production, and SNS",RECRUITING,INTERVENTIONAL,EARLY_PHASE1,22,The University of Texas Health Science Center at San Antonio,San Antonio,2025-01-07,2027-06-30
NCT05478252,A Research Study to Compare Two Semaglutide Medicines in People With Type 2 Diabetes,COMPLETED,INTERVENTIONAL,PHASE3,388,Novo Nordisk A/S,"Austin, Dallas, Houston, Paris, San Antonio, Sugar Land, Tomball",2022-08-03,2023-09-18
NCT00605449,A Drug Interaction Study Between Simvastatin and GSK376501,COMPLETED,INTERVENTIONAL,PHASE1,39,GlaxoSmithKline,Austin,2008-01,2008-03
NCT05662332,A Study of Insulin Efsitora Alfa (LY3209590) Compared to Glargine in Adult Participants With Type 2 Diabetes Who Are Starting Basal Insulin for the First Time (QWINT-1),COMPLETED,INTERVENTIONAL,PHASE3,795,Eli Lilly and Company,"Corpus Christi, Dallas, Flower Mound, Houston, North Richland Hills, Weslaco",2023-01-14,2024-07-19
NCT05743244,Janus Kinase (JAK) Inhibitors to Preserve C-Peptide Production in New Onset Type 1 Diabetes (T1D),ACTIVE_NOT_RECRUITING,INTERVENTIONAL,PHASE2,78,National Institute of Diabetes and Digestive and Kidney Diseases (NIDDK),Dallas,2023-10-19,2027-06-30
NCT02851849,A Study of LGD-6972 in Patients With Type 2 Diabetes Mellitus,COMPLETED,INTERVENTIONAL,PHASE2,148,Ligand Pharmaceuticals,"Carrollton, Dallas, Houston, Katy",2016-09,2017-06
NCT02587936,Improving Chronic Disease Management With Pieces,COMPLETED,INTERVENTIONAL,NA,18268,University of Texas Southwestern Medical Center,"Arlington, Dallas",2016-07-18,2022-10-15
NCT00453934,Patient Preference of h-Patch vs. Pen or Needle/Syringe as Insulin Administration Device,TERMINATED,INTERVENTIONAL,PHASE4,11,"Valeritas, Inc.",San Antonio,2007-05,2007-09
NCT04560998,A Research Study to Compare a Medicine Called Semaglutide Against Placebo in People With Peripheral Arterial Disease and Type 2 Diabetes,COMPLETED,INTERVENTIONAL,PHASE3,792,Novo Nordisk A/S,"Amarillo, Austin, Dallas, Houston, Humble, Kingwood, Lubbock, McKinney, San Antonio, Tyler, Victoria",2020-10-01,2024-07-12
NCT05295706,Towards Understanding the Relationship Between Meals and Blood Biomarkers,UNKNOWN,INTERVENTIONAL,NA,50,Texas A&M University,College Station,2022-06-01,2022-12
NCT01408888,A Study of LY2189265 and Sitagliptin in Participants With Type 2 Diabetes,COMPLETED,INTERVENTIONAL,PHASE1,29,Eli Lilly and Company,Dallas,2011-08,2012-04
NCT01455870,A Study to Evaluate ITCA 650 Compared to Sitagliptin as add-on Therapy for the Treatment of Type 2 Diabetes,COMPLETED,INTERVENTIONAL,PHASE3,535,Intarcia Therapeutics,"Corpus Christi, Dallas, Houston, San Antonio, Sugar Land, Tomball",2013-05,2015-07
NCT01481116,Efficacy and Safety of TAK-875 Compared to Glimepiride When Used With Metformin in Participants With Type 2 Diabetes,TERMINATED,INTERVENTIONAL,PHASE3,2454,Takeda,"Dallas, El Paso, Fort Worth, Houston, New Braunfels, San Antonio, Spring, Tomball",2012-01,2014-04
NCT01554618,Safety and Efficacy Study of Exenatide Once Weekly in Adolescents With Type 2 Diabetes,COMPLETED,INTERVENTIONAL,PHASE3,84,AstraZeneca,"Dallas, Houston",2011-12-02,2021-05-05
NCT00909480,Effect of Insulin Detemir and Insulin Glargine on Blood Glucose Control in Subjects With Type 2 Diabetes,COMPLETED,INTERVENTIONAL,PHASE4,457,Novo Nordisk A/S,"Corpus Christi, Dallas, Houston, Hurst, Odessa, San Antonio",2009-05,2010-06
NCT02981069,Effect of Chronic Exenatide Therapy on Beta Cell Function and Insulin Sensitivity in T2DM,COMPLETED,INTERVENTIONAL,PHASE4,90,The University of Texas Health Science Center at San Antonio,San Antonio,2017-12-15,2023-03-19
NCT01456195,Comparison of TAK-875 (Fasiglifam) With Placebo in Participants With Type 2 Diabetes,COMPLETED,INTERVENTIONAL,PHASE3,421,Takeda,"Carrollton, Dallas, El Pasco, Fort Worth, Houston, Irving, New Braunfels, San Antonio, Spring, Tomball",2011-11,2013-07
NCT01952145,A Trial Comparing the Efficacy and Safety of Insulin Degludec/Liraglutide Versus Insulin Glargine in Subjects With Type 2 Diabetes Mellitus,COMPLETED,INTERVENTIONAL,PHASE3,557,Novo Nordisk A/S,"Dallas, San Antonio",2013-09-20,2014-11-04
NCT00694057,"Safety, Tolerance and Activity of HE3286 in Patients With Type 2 Diabetes Mellitus",COMPLETED,INTERVENTIONAL,PHASE2,164,Harbor Therapeutics,"El Paso, San Antonio",2008-06,2010-01
NCT00097877,Comparison of Biphasic Insulin Aspart 70/30 Versus Insulin Glargine in Subjects With Type 2 Diabetes,COMPLETED,INTERVENTIONAL,PHASE3,293,Novo Nordisk A/S,"Arlington, Dallas, Houston, Lewisville, Midland, Plano, San Antonio",2005-01,2006-11
NCT00111670,A Study of DPP-IV Inhibitor in Patients With Type 2 Diabetes,COMPLETED,INTERVENTIONAL,PHASE2,291,Hoffmann-La Roche,"Dallas, Midland, San Antonio",2005-06,2006-07
NCT00147719,WelChol® With Metformin in Treating Patients With Type 2 Diabetes,COMPLETED,INTERVENTIONAL,PHASE3,300,Daiichi Sankyo,"Corpus Christi, Dallas, Pharr, San Antonio",2004-06,2006-07
NCT00474630,A Safety and Efficacy Study Comparing Naltrexone SR/Bupropion SR and Placebo in Obese Subjects With Type 2 Diabetes,COMPLETED,INTERVENTIONAL,PHASE3,505,"Orexigen Therapeutics, Inc","Dallas, Midland, San Antonio",2007-05,2009-06
NCT02175121,"Safety, Tolerability, Pharmacokinetics And Pharmacodynamics Study Of PF-06291874 As Oral Monotherapy To Treat Adults With Type 2 Diabetes Mellitus",COMPLETED,INTERVENTIONAL,PHASE2,172,Pfizer,San Antonio,2014-08,2015-03
NCT00306384,Long-term Safety of Alogliptin in Patients With Type 2 Diabetes Mellitus,COMPLETED,INTERVENTIONAL,PHASE3,3323,Takeda,"Dallas, San Antonio, Temple, Texarkana",2006-03,2011-11
NCT00571519,"Randomized, Double-blind, Active-controlled, Study of Rivoglitazone in Type 2 Diabetes Mellitus",TERMINATED,INTERVENTIONAL,PHASE3,94,Daiichi Sankyo,"Daingerfield, Dallas, Plano, San Antonio",2007-11-14,2008-05-23
NCT00743002,A Trial of TT223 in Patients With Type 2 Diabetes Who Are Taking Metformin and/or Thiazolidinedione,COMPLETED,INTERVENTIONAL,PHASE2,87,"OPKO Health, Inc.","Corpus Christi, Dallas, Houston, Richmond, San Antonio",2008-08,2009-12
NCT06066528,A Study to Test Whether Survodutide (BI 456906) Helps People Living With Overweight or Obesity Who Also Have Diabetes to Lose Weight,COMPLETED,INTERVENTIONAL,PHASE3,755,Boehringer Ingelheim,"Austin, Houston, San Antonio, Shavano Park",2023-11-27,2026-03-27
NCT00035984,Evaluation of the Effect on Glucose Control of AC2993 in Patients With Type 2 Diabetes Mellitus,COMPLETED,INTERVENTIONAL,PHASE3,734,AstraZeneca,"Arlington, Dallas, El Paso, Irving, San Antonio",2002-05,2003-08
NCT05514548,Phase 2 Study of INV-202 in Patients With Diabetic Kidney Disease,COMPLETED,INTERVENTIONAL,PHASE2,265,Inversago Pharma Inc.,"Dallas, Houston, Pearland, San Antonio",2022-10-19,2024-09-03
NCT00327015,A Phase 3 Study of BMS-477118 in Combination With Metformin in Subjects With Type 2 Diabetes Who Are Not Controlled With Diet and Exercise,COMPLETED,INTERVENTIONAL,PHASE3,1306,AstraZeneca,"Austin, Houston, Irving, Midland, New Braunfels, Pearland, Rosenberg, San Antonio",2006-05,2008-12
NCT06037252,A Study of Investigational Tirzepatide (LY3298176) Doses in Participants With Type 2 Diabetes and Obesity,ACTIVE_NOT_RECRUITING,INTERVENTIONAL,PHASE2,414,Eli Lilly and Company,"Houston, Mesquite",2023-09-21,2026-10
NCT01451398,Comparison of Technosphere® Insulin Versus Technosphere Powder (Placebo) in Insulin-Naive Subjects With Type 2 Diabetes Mellitus,COMPLETED,INTERVENTIONAL,PHASE3,353,Mannkind Corporation,"Arlington, Dallas, Houston, San Antonio",2011-11,2013-07
NCT01029704,Safety and Efficacy Study of EGT0001442 in Subjects With Type 2 Diabetes Mellitus,COMPLETED,INTERVENTIONAL,PHASE2,151,Theracos,"DeSoto, San Antonio",2009-12,2010-07
NCT05275400,A Study of Insulin Efsitora Alfa (LY3209590) Compared With Insulin Degludec in Participants With Type 2 Diabetes Currently Treated With Basal Insulin,COMPLETED,INTERVENTIONAL,PHASE3,986,Eli Lilly and Company,"Beaumont, Dallas, Houston, Mesquite, Round Rock, Shavano Park",2022-03-08,2024-05-15
NCT00279201,The DURABLE Trial: Evaluating the Durability of Starter Insulin Regimens in Patients With Type 2 Diabetes (IOOV),COMPLETED,INTERVENTIONAL,PHASE4,2091,Eli Lilly and Company,"Abilene, Dallas, El Paso, Houston, Killeen, Midland, New Braunfels, San Antonio",2005-12,2009-11
NCT00570739,"Effects of Metformin Hydrochloride (HCl) in Combination With Colesevelam HCl, Compared to Metformin HCl Alone, in Patients With Type 2 Diabetes Mellitus and the Effects of Colesevelam HCl on Lipids and Glucose on Pre-diabetic Patients.",COMPLETED,INTERVENTIONAL,PHASE3,502,Daiichi Sankyo,"Corpus Christi, Dallas, San Antonio",2007-11,2009-05
NCT07219602,A Study to Evaluate the Effect of Obicetrapib/Ezetimibe 10 mg Fixed-Dose Combination or Obicetrapib 10 mg Daily on Top of Guideline-Recommended Lipid-Lowering Therapy in Participants With Type 2 Diabetes and/or Metabolic Syndrome,RECRUITING,INTERVENTIONAL,PHASE3,300,NewAmsterdam Pharma,"Houston, San Antonio",2025-12-11,2028-06
NCT01032629,CANVAS - CANagliflozin cardioVascular Assessment Study,COMPLETED,INTERVENTIONAL,PHASE3,4330,"Janssen Research & Development, LLC","Dallas, Houston, Odessa, San Antonio, Temple",2009-12-09,2017-02-22
NCT04596631,A Research Study to Compare a New Medicine Oral Semaglutide to a Dummy Medicine in Children and Teenagers With Type 2 Diabetes,COMPLETED,INTERVENTIONAL,PHASE3,132,Novo Nordisk A/S,"Amarillo, San Antonio",2020-11-02,2026-02-03
NCT01425359,Type 2 Diabetes Evaluation of Ranolazine in Subjects With Chronic Stable Angina,COMPLETED,INTERVENTIONAL,PHASE4,949,Gilead Sciences,"Houston, Humble",2011-09,2012-10
NCT00325962,A Study of the Effects of 6R-BH4 on Blood Pressure in Subjects With Poorly Controlled Systemic Hypertension,COMPLETED,INTERVENTIONAL,PHASE2,84,BioMarin Pharmaceutical,Carrollton,2006-05,2008-12
NCT00634842,Effect of Two Different Fasting Blood Glucose Targets on Glucose Control in Patients With Type 2 Diabetes Using Insulin Detemir Once Daily,COMPLETED,INTERVENTIONAL,PHASE4,244,Novo Nordisk A/S,"Arlington, Dallas, Houston, Midland, Odessa, San Antonio",2008-02,2008-10
NCT00460941,A Titration Study of a Glucagon-Like Peptide-1 (GLP-1) Analogue in Patients With Type 2 Diabetes Treated With Metformin.,COMPLETED,INTERVENTIONAL,PHASE2,133,Hoffmann-La Roche,Dallas,2007-04,2008-01
NCT07675161,MiniMed Fit Payload Wear Pediatric Study,RECRUITING,OBSERVATIONAL,,100,"Medtronic MiniMed, Inc.",San Antonio,2026-06-25,2026-12
NCT03021187,Efficacy and Safety of Oral Semaglutide Versus Placebo in Subjects With Type 2 Diabetes Mellitus Treated With Insulin,COMPLETED,INTERVENTIONAL,PHASE3,731,Novo Nordisk A/S,"Austin, Dallas, Houston, Mesquite, Midland, Round Rock",2017-02-02,2018-08-22
NCT05260021,A Study to Evaluate Tirzepatide (LY3298176) in Pediatric and Adolescent Participants With Type 2 Diabetes Mellitus Inadequately Controlled With Metformin or Basal Insulin or Both,COMPLETED,INTERVENTIONAL,PHASE3,99,Eli Lilly and Company,Shavano Park,2022-04-13,2025-01-28
NCT00044447,Evaluate the Role of Adding Amaryl to Non-Insulin Dependent Diabetes Mellitus Patients Unresponsive to Maximum Dose Metformin & Thiazolidinedione,COMPLETED,INTERVENTIONAL,PHASE3,170,Sanofi,Dallas,2001-05,2002-09
NCT03521934,Effect of Sotagliflozin on Cardiovascular Events in Participants With Type 2 Diabetes Post Worsening Heart Failure (SOLOIST-WHF Trial),TERMINATED,INTERVENTIONAL,PHASE3,1222,Lexicon Pharmaceuticals,"Brownsville, Dallas, Houston, McKinney, New Braunfels, Victoria",2018-06-15,2020-06-05
NCT05669599,"Dose-ranging Study to Evaluate the Efficacy, Safety, and Tolerability of AMG 133 in Adult Subjects With Overweight or Obesity, With or Without Type 2 Diabetes Mellitus",COMPLETED,INTERVENTIONAL,PHASE2,592,Amgen,"Brownsville, San Antonio",2023-01-18,2025-12-16
NCT05579314,XW014 in Healthy Subjects and Patients With Type 2 Diabetes Mellitus (T2DM),COMPLETED,INTERVENTIONAL,PHASE1,127,"Sciwind Biosciences USA Co., Ltd.",San Antonio,2022-09-26,2024-11-16
NCT00034255,Single Dose and 34-Day Tolerance Study of INGAP Peptide in Insulin Deficient Patients,COMPLETED,INTERVENTIONAL,"PHASE1, PHASE2",62,GMP Endotherapeutics,San Antonio,2001-12,
NCT02581488,Use of Santyl in Diabetic Foot Ulcers,COMPLETED,INTERVENTIONAL,PHASE4,102,"Smith & Nephew, Inc.","Fort Worth, McAllen",2015-10,2017-01-12
NCT05552859,Gla-300 and IDeg-100 in Insulin-Naïve People With Type 2 Diabetes Mellitus and Renal Impairment,TERMINATED,INTERVENTIONAL,PHASE4,62,Sanofi,"El Paso, Fort Worth, Houston, Lufkin, Schertz, Shavano Park",2022-12-05,2023-08-04
NCT01147731,A Drug Interaction Study With Albiglutide and Warfarin,COMPLETED,INTERVENTIONAL,PHASE1,16,GlaxoSmithKline,Austin,2010-06-04,2010-09-09
NCT01031680,"Efficacy and Safety in Patients With Type 2 Diabetes Mellitus, Cardiovascular Disease and Hypertension",COMPLETED,INTERVENTIONAL,PHASE3,922,AstraZeneca,"Carrollton, Dallas, Fort Worth, Houston, North Richland Hills, Plano, San Antonio, Tomball",2010-02,2012-12
NCT01452815,Affects of Once-daily Oral Administration of TZP-102 on the Treatment of Symptoms Associated With Diabetic Gastroparesis,COMPLETED,INTERVENTIONAL,PHASE2,201,"Tranzyme, Inc.","El Paso, Houston",2011-09,2012-11
NCT03687827,A Research Study to Compare the Effect of Insulin Degludec and Insulin Glargine on Blood Sugar Levels in People With Type 2 Diabetes - the SWITCH PRO Study,COMPLETED,INTERVENTIONAL,PHASE4,498,Novo Nordisk A/S,"Amarillo, Kerrville, San Antonio",2018-10-02,2019-12-27
NCT07197788,Continued Access to the Endogenex System for Participants in the ReCET Pivotal Study,ENROLLING_BY_INVITATION,INTERVENTIONAL,NA,50,"Endogenex, Inc.","Bellaire, Dallas, Houston",2026-07,2027-11
NCT05950282,"Determinants of Insulin Sensitivity by Age, Sex, Race/Ethnicity, BMI, and PCOS Diagnosis",RECRUITING,OBSERVATIONAL,,150,Ali Chappell,Houston,2024-02-01,2027-12
NCT00678080,Metformin Versus Insulin in Pregnant Women With Type 2 Diabetes,COMPLETED,INTERVENTIONAL,NA,25,"The University of Texas Health Science Center, Houston","Brownsville, Houston",2008-09,2011-08
NCT02585778,Efficacy and Safety of Alirocumab Versus Placebo on Top of Maximally Tolerated Lipid Lowering Therapy in Patients With Hypercholesterolemia Who Have Type 1 or Type 2 Diabetes and Are Treated With Insulin (ODYSSEY DM - Insulin),COMPLETED,INTERVENTIONAL,PHASE3,517,Sanofi,"Austin, Dallas, Houston",2015-10-23,2017-04-03
NCT00663260,Glycemic Efficacy and Renal Safety Study of Dapagliflozin in Subjects With Type 2 Diabetes Mellitus and Moderate Renal Impairment,COMPLETED,INTERVENTIONAL,"PHASE2, PHASE3",631,AstraZeneca,"Dallas, Houston",2008-06,2011-06
NCT01606007,Safety and Efficacy of Combination Saxagliptin & Dapagliflozin Added to Metformin to Treat Subjects With Type 2 Diabetes,COMPLETED,INTERVENTIONAL,PHASE3,1282,AstraZeneca,"Arlington, Corpus Christi, Dallas, Houston, North Richland Hills, Pasadena, San Antoinio, San Antonio, Waco",2012-07,2014-01
NCT03985098,Motivational Interviewing (MI) Intervention to Improve Adherence,COMPLETED,INTERVENTIONAL,NA,727,University of Houston,Houston,2019-05-29,2022-03-22
NCT01511198,Efficacy and Safety of Metformin and Liraglutide in Obese Subjects With Type 2 Diabetes Previously Treated With an Oral Hypoglycemic Agent,COMPLETED,INTERVENTIONAL,PHASE2,223,Novo Nordisk A/S,"Corpus Christi, Dallas, San Antonio",2001-02,2001-10
NCT00239187,A Study in Type 2 Diabetic Patients With Repeated Doses of E1 in Combination With G1,COMPLETED,INTERVENTIONAL,PHASE1,30,"OPKO Health, Inc.",San Antonio,2005-09,2007-01
NCT00376181,"Efficacy, Safety and Tolerability of Pioglitazone-Azilsartan in Subjects With Type 2 Diabetes Mellitus",TERMINATED,INTERVENTIONAL,PHASE3,96,Takeda,"Dallas, El Paso, Euless, Fort Worth, Houston, McKinney, Midland, North Richland Hills, San Antonio",2006-06,2007-05
NCT03331289,Can Exenatide Prevent Increase in EGP in Response to Dapagliflozin-induced Increase in Glucosuria,COMPLETED,INTERVENTIONAL,PHASE4,107,The University of Texas Health Science Center at San Antonio,San Antonio,2018-02-28,2022-11-04
NCT05071287,Metabolism of Low Carbohydrate and Ketogenic Diet,COMPLETED,INTERVENTIONAL,NA,60,The University of Texas Health Science Center at San Antonio,San Antonio,2021-06-03,2022-10-11
NCT00461006,A Comparison of the Effects of Aleglitazar and Actos on Renal Function on Patients With Type 2 Diabetes.,COMPLETED,INTERVENTIONAL,PHASE2,176,Hoffmann-La Roche,"Arlington, Dallas, Midland, San Antonio",2007-06,2008-09
NCT04436822,"Evaluation of Updated Continuous Glucose Monitoring (CGM) Form Factor in Adults, Adolescents and Pediatrics",COMPLETED,INTERVENTIONAL,NA,317,"Medtronic MiniMed, Inc.",Austin,2020-07-15,2022-04-12
NCT04285554,Evaluation of the Integrated Radio Frequency Denervation System to Improve Glycemic Control in Type 2 Diabetic Subjects,COMPLETED,INTERVENTIONAL,NA,15,Metavention,Dallas,2020-07-28,2022-12-19
NCT03015519,"A Study to Evaluate Pharmacokinetics, Safety and Efficacy of Albiglutide in Pediatric Subjects With Type 2 Diabetes Mellitus",WITHDRAWN,INTERVENTIONAL,PHASE3,0,GlaxoSmithKline,El Paso,2017-08-14,2020-04-20
NCT06739122,A Study of Dulaglutide (LY2189265) 3.0 mg and 4.5 mg in Pediatric Participants With Type 2 Diabetes Mellitus (AWARD-PEDS PLUS),RECRUITING,INTERVENTIONAL,PHASE3,55,Eli Lilly and Company,"Dallas, Houston",2025-01-10,2027-12
NCT00482950,A Study to Evaluate Safety and Efficacy of PHX1149T in Subjects With Type 2 Diabetes Mellitus,UNKNOWN,INTERVENTIONAL,PHASE2,400,Phenomix,"Dallas, San Antonio",2007-04,2008-02
NCT00348374,Exubera vs Lispro in a Lantus-based Regimen for Improved Glycemic Control in Type 2 Diabetes,COMPLETED,INTERVENTIONAL,PHASE3,191,Pfizer,"Arlington, Dallas, El Paso, Houston, San Antonio",2006-06,2008-08
NCT01169090,"A Study Comparing the Safety, Tolerance, and Efficacy of Various Doses of SK-0403 Versus Placebo and Sitagliptin 100 mg in Patients Not Well-Controlled on Metformin Therapy",COMPLETED,INTERVENTIONAL,PHASE2,620,"Kowa Research Institute, Inc.","Corpus Christi, Dallas, Houston, San Antonio",2010-07,2011-08
NCT02058160,Efficacy and Safety of the Insulin Glargine/Lixisenatide Fixed Ratio Combination Versus Insulin Glargine in Patients With Type 2 Diabetes,COMPLETED,INTERVENTIONAL,PHASE3,736,Sanofi,"Amarillo, Austin, Corpus Christi, Dallas, Edinburg, Houston, Hurst, N Richland Hill",2014-01,2015-07
NCT03190798,Effects of Canagliflozin on Intravascular Volume and Hemodynamics,WITHDRAWN,INTERVENTIONAL,PHASE4,0,The University of Texas Health Science Center at San Antonio,San Antonio,2017-09-01,2018-08-01
NCT01065948,A Feasibility Study to Assess Critical Aspects of Fluorescence Affinity Sensor (FAS) Performance and Safety Over Several Hours,COMPLETED,INTERVENTIONAL,PHASE1,12,"BioTex, Inc.",Houston,2009-11,2012-08
NCT07215312,A Study of LY3938577 in Participants With Type 2 Diabetes Previously Treated With Basal Insulin,ACTIVE_NOT_RECRUITING,INTERVENTIONAL,PHASE2,100,Eli Lilly and Company,"Austin, Dallas, Houston, Mesquite, Shavano Park, Weslaco",2025-10-13,2026-12
NCT00624767,A Study to Evaluate the Effect of Nasal Insulin on Postprandial Glycemic Control in Type 2 Diabetic Patients,COMPLETED,INTERVENTIONAL,PHASE2,18,"Nastech Pharmaceutical Company, Inc.",San Antonio,2008-03,2008-05
NCT00116831,Rosiglitazone Versus a Sulfonylurea On Progression Of Atherosclerosis In Patients With Heart Disease And Type 2 Diabetes,COMPLETED,INTERVENTIONAL,PHASE3,672,GlaxoSmithKline,"Corpus Christi, San Antonio",2005-01,2008-08
NCT01652729,"Comparison Study of the Glycemic Effects, Safety, and Tolerability of Exenatide Once Weekly Suspension to Sitagliptin and Placebo in Subjects With Type 2 Diabetes Mellitus",COMPLETED,INTERVENTIONAL,PHASE3,365,AstraZeneca,"Carrolton, Corpus Christi, Dallas, Houston, Katy, San Antonio",2013-02,2014-04
NCT00814294,Study of Two Doses of Oral HDV-Insulin and Placebo With Background Metformin Treatment in Patients With Type 2 Diabetes Mellitus,COMPLETED,INTERVENTIONAL,"PHASE2, PHASE3",239,Diasome Pharmaceuticals,"Corpus Christi, El Paso, Houston, Hurst, Odessa, San Antonio",2008-12,2009-09
NCT01713530,A 26-week Trial Comparing Efficacy and Safety of Insulin Degludec/Insulin Aspart BID and Insulin Degludec OD Plus Insulin Aspart in Subjects With Type 2 Diabetes Mellitus Treated With Basal Insulin in Need of Treatment Intensification With Mealtime Insulin,COMPLETED,INTERVENTIONAL,PHASE3,274,Novo Nordisk A/S,"Austin, Dallas, Houston, Round Rock, San Antonio",2013-02-21,2014-01-09
NCT06810726,"Evaluate Use of Tropocells(R) Autologous Platelet-rich Fibrin (PRF) for Wagner Grade 1 and Grade 2, Mild to Mod Neuroischemic Plantar Diabetic Foot Ulcer Wound Care.",RECRUITING,INTERVENTIONAL,PHASE2,30,"Estar Medical dba Medical Technologies, LTD",Corpus Christi,2025-04-15,2026-08-15
NCT00672919,Pioglitazone Study of Triglyceride Changes in Subjects With Type 2 Diabetes After Conversion From Rosiglitazone.,COMPLETED,INTERVENTIONAL,PHASE4,305,Takeda,"Arlington, Houston, Midland, San Antonio",2003-11,2004-08
NCT00823992,A Study of Taspoglutide Versus Placebo for the Treatment of Obese Patients With Type 2 Diabetes Mellitus Inadequately Controlled With Metformin Monotherapy,COMPLETED,INTERVENTIONAL,PHASE3,305,Hoffmann-La Roche,"Dallas, Houston, Midland, San Antonio",2009-01,2010-05
NCT00136916,Efficacy and Safety of Inhaled Insulin Compared With Subcutaneous Human Insulin Therapy in Adults With Type 2 Diabetes,TERMINATED,INTERVENTIONAL,PHASE3,635,Pfizer,"Beaumont, Corpus Christi, Dallas, Houston, Irving, San Antonio",2002-06,2008-12
NCT00421733,The Effect of Paricalcitol Capsules on Reducing Albuminuria in Patients With Type 2 Diabetic Nephropathy Being Treated With Renin-angiotensin System Inhibitors,COMPLETED,INTERVENTIONAL,PHASE2,281,Abbott,"Dallas, San Antonio",2006-12,2009-06
NCT00484198,Study of Rivoglitazone in Type 2 Diabetes Mellitus,COMPLETED,INTERVENTIONAL,PHASE3,1912,Daiichi Sankyo,"Carrollton, Conroe, Corpus Christi, Dallas, El Paso, Garland, Irving, Midland, San Antonio",2007-04-23,2009-02-12
NCT07053306,"SGLT2i, Ketoacidosis, Volume Contraction, and Insulinopenia",RECRUITING,INTERVENTIONAL,PHASE1,29,The University of Texas Health Science Center at San Antonio,San Antonio,2025-04-29,2027-06-30
NCT04503239,Prediabetes and Type 2 Diabetes Data Collection Study,UNKNOWN,OBSERVATIONAL,,306,"DexCom, Inc.",San Antonio,2020-07-22,2022-02-27
NCT04795531,"A Research Study to Compare Two Types of Insulin, a New Insulin, Insulin Icodec and an Available Insulin, Insulin Degludec, in People With Type 2 Diabetes Who Have Not Used Insulin Before (ONWARDS 3)",COMPLETED,INTERVENTIONAL,PHASE3,588,Novo Nordisk A/S,"Austin, Dallas, Houston, Lampasas, Round Rock, San Antonio, Sugar Land",2021-03-24,2022-06-23
NCT02455011,"Dose Escalation Study to Evaluate Safety, Tolerability, Pharmacokinetics and Pharmacodynamics of REMD-477 in Subjects With Type 2 Diabetes Mellitus",COMPLETED,INTERVENTIONAL,"PHASE1, PHASE2",75,"REMD Biotherapeutics, Inc.",San Antonio,2015-09,2018-02
NCT06562907,"Study of GS-4571 in Healthy Participants, Nondiabetic Obese Participants, and Nonobese Participants With Type 2 Diabetes Mellitus (T2DM)",RECRUITING,INTERVENTIONAL,PHASE1,134,Gilead Sciences,San Antonio,2024-08-28,2026-11
NCT01147692,A Drug Interaction Study of Simvastatin and Albiglutide,COMPLETED,INTERVENTIONAL,PHASE1,40,GlaxoSmithKline,Austin,2010-05-19,2010-08-27
NCT02969798,Pre-diabetes in Subject With Impaired Fasting Glucose (IFG) and Impaired Glucose Tolerance (IGT),RECRUITING,INTERVENTIONAL,NA,700,The University of Texas Health Science Center at San Antonio,San Antonio,2014-01-01,2027-07
NCT01002547,Prevalence of Non-alcoholic Fatty Liver Disease (NAFLD) in Hispanics With Diabetes Mellitus Type 2 (T2DM) and Role of Treatment,COMPLETED,INTERVENTIONAL,PHASE4,105,VA Office of Research and Development,San Antonio,2010-06-24,2016-12-31
NCT01336738,Study Of Safety And Efficacy Of PF-04991532 In Subjects With Type 2 Diabetes Mellitus,COMPLETED,INTERVENTIONAL,PHASE2,266,Pfizer,"Dallas, Houston, San Antonio",2011-06,2012-03
NCT00458016,"Safety, Tolerability, and Efficacy Study of MB07803 Administered to Patients With Type 2 Diabetes Mellitus",COMPLETED,INTERVENTIONAL,PHASE2,105,Ligand Pharmaceuticals,"Corpus Christi, Dallas, Houston, San Antonio",2007-03,2008-03
NCT03953963,Evaluation of Intra-Abdominal Fat Extraction Using HydraSolve T2D™ in Obese Subjects With Type 2 Diabetes,UNKNOWN,INTERVENTIONAL,NA,12,Medality Medical,San Antonio,2019-10-18,2022-03-15
NCT00622284,Efficacy and Safety of BI 1356 in Combination With Metformin in Patients With Type 2 Diabetes,COMPLETED,INTERVENTIONAL,PHASE3,1560,Boehringer Ingelheim,San Antonio,2008-02,
NCT01472185,Ranolazine Monotherapy in Subjects With Type 2 Diabetes Mellitus,COMPLETED,INTERVENTIONAL,PHASE3,465,Gilead Sciences,"Dallas, Houston, Humble, Katy, San Antonio",2011-11,2013-10
NCT02597049,A Study of Dulaglutide (LY2189265) in Participants With Type 2 Diabetes Mellitus,COMPLETED,INTERVENTIONAL,PHASE3,424,Eli Lilly and Company,"Dallas, San Antonio",2015-11,2017-02
NCT02205528,A Study of Once-Daily NNC0090-2746 in Participants With Type 2 Diabetes Inadequately Controlled With Metformin,COMPLETED,INTERVENTIONAL,PHASE2,108,Novo Nordisk A/S,"Corpus Christi, Houston",2014-08-18,2015-09-15
NCT01464437,AMG 151 Amgen Protocol Number 20100761,COMPLETED,INTERVENTIONAL,PHASE2,236,Amgen,"Dallas, Houston, San Antonio",2011-09,2012-12
NCT00662857,A Study Designed to Compare 2 Dose Strengths of TI Inhalation Powder in Adults With Type 1 Diabetes Mellitus and to Compare One of Those Formulations (30Units) With an Injection of Insulin Lispro,COMPLETED,INTERVENTIONAL,PHASE2,29,Mannkind Corporation,San Antonio,2008-04,2008-12
NCT00637273,"A Study to Compare the Glycemic Effects, Safety, and Tolerability of Exenatide Once Weekly to Those of Sitagliptin and Pioglitazone,in Subjects With Type 2 Diabetes Treated With Metformin (DURATION - 2)",COMPLETED,INTERVENTIONAL,PHASE3,514,AstraZeneca,"Austin, Dallas, San Antonio",2008-01,2009-07
NCT05114590,Effect of Soliqua 100/33 on Time in Range From Continuous Glucose Monitoring in Insulin-naive Patients With Very Uncontrolled Type 2 Diabetes Mellitus,COMPLETED,INTERVENTIONAL,PHASE4,124,Sanofi,"Dallas, San Antonio, Schertz, Shavano Park",2022-01-27,2023-04-14
NCT02926937,Efficacy and Safety of Sotagliflozin Versus Placebo in Patients With Type 2 Diabetes Mellitus Not Currently Treated With Antidiabetic Therapy,COMPLETED,INTERVENTIONAL,PHASE3,399,Lexicon Pharmaceuticals,"Fort Worth, Houston, Katy, McAllen, North Richland Hills, San Antonio, Schertz, Sugar Land",2016-11-11,2019-05-17
NCT00143338,"To Examine the Lung When People With Diabetes Take an Inhaled Form of Insulin, Compared to Subcutaneous Insulin.",COMPLETED,INTERVENTIONAL,PHASE2,20,Pfizer,San Antonio,2004-11,2006-12
NCT00391209,Compare Two Dosing Algorithms in Insulin-Naive Patients With Type 2 Diabetes Mellitus,COMPLETED,INTERVENTIONAL,PHASE3,379,Eli Lilly and Company,"Austin, San Antonio",2006-10,2008-05
NCT00918138,Study To Evaluate 24 Hour Blood Sugar Control (24-hour Mean Weighted Glucose) In Subjects That Are Taking Saxagliptin 5 mg Added Onto Metformin XR 1500 XR mg Compared To Subjects Taking Metformin XR 1500 mg Up-titrated To Metformin XR 2000 mg,COMPLETED,INTERVENTIONAL,PHASE3,219,AstraZeneca,San Antonio,2009-08,2010-05
NCT00239538,SMOOTH - Blood Pressure Control in Diabetic/Obese Patients,COMPLETED,INTERVENTIONAL,PHASE4,840,Boehringer Ingelheim,"Carrollton, Dallas, El Paso, Harker Heights, San Antonio",2003-01,2004-12
NCT01785771,A Study to Evaluate ITCA 650 for the Treatment of Type 2 Diabetes in Patients With High Baseline HbA1c,TERMINATED,INTERVENTIONAL,PHASE3,100,Intarcia Therapeutics,"Austin, Corpus Christi, Dallas, Houston, San Angelo",2013-05,2018-01
NCT03449199,Phase 2 Study of TMX-049 in Subjects With Type 2 Diabetes and Albuminuria,COMPLETED,INTERVENTIONAL,PHASE2,130,"Teijin America, Inc.","Dallas, Fort Worth, Houston, San Antonio, Sugar Land",2018-04-10,2019-06-04
NCT07357415,A Study of Retatrutide (LY3437943) in Participants Without Type 2 Diabetes Who Have Obesity or Overweight,ACTIVE_NOT_RECRUITING,INTERVENTIONAL,PHASE3,600,Eli Lilly and Company,"Dallas, Fort Worth",2026-01-24,2028-11
NCT00263276,A Trial of BMS-512148 in Patients With Type 2 Diabetes Mellitus,COMPLETED,INTERVENTIONAL,PHASE2,389,AstraZeneca,"Austin, Bellaire, Bryan, El Paso, Houston, Irving, San Antonio",2005-12,2007-02
NCT01131676,BI 10773 (Empagliflozin) Cardiovascular Outcome Event Trial in Type 2 Diabetes Mellitus Patients (EMPA-REG OUTCOME).,COMPLETED,INTERVENTIONAL,PHASE3,7064,Boehringer Ingelheim,"Corpus Christi, Dallas, Fort Worth, Houston, Lubbock, New Braunfels, Odessa, Pearland, Plano, Richardson, San Antonio",2010-07,2015-04
NCT01649297,A 16 Weeks Study on Efficacy and Safety of Two Doses of Empagliflozin (BI 10773) (Once Daily Versus Twice Daily) in Patients With Type 2 Diabetes Mellitus and Preexisting Metformin Therapy,COMPLETED,INTERVENTIONAL,PHASE2,983,Boehringer Ingelheim,"Corpus Christi, Dallas, Houston, Pearland, San Antonio",2012-10,2013-12
NCT03217591,A Study to Evaluate the Soluble Guanylate Cyclase (sGC) Stimulator IW-1973 in Diabetic Nephropathy / Diabetic Kidney Disease as Measured by Albuminuria,COMPLETED,INTERVENTIONAL,PHASE2,156,Akebia Therapeutics,"Beaumont, El Paso, Fort Worth, Houston, Lampasas, San Antonio",2017-08-01,2019-08-20
NCT01089790,Safety and Efficacy of Dutogliptin in Patients With Type 2 Diabetes Mellitus Receiving Background Treatment With Glimepiride Alone or in Combination With Metformin or With Pioglitazone Alone,TERMINATED,INTERVENTIONAL,PHASE3,141,Forest Laboratories,"Arlington, Corpus Christi, Dallas, DeSoto, Houston, Irving, New Braunfels, San Antonio",2010-03,
NCT00029848,Obese Patients With Type 2 Diabetes,COMPLETED,INTERVENTIONAL,PHASE3,1045,Sanofi,San Antonio,2001-10,2004-05
NCT02725593,Study to Evaluate Safety and Efficacy of Dapagliflozin in Patients With Type 2 Diabetes Mellitus Aged 10-24 Years,COMPLETED,INTERVENTIONAL,PHASE3,72,AstraZeneca,"Lampasas, McAllen",2016-06-22,2020-04-06
NCT00598793,Biphasic Insulin Aspart 30 in Type 2 Diabetes Failing OAD Therapy,COMPLETED,INTERVENTIONAL,PHASE3,242,Novo Nordisk A/S,"Dallas, Houston, Midland, San Antonio",2002-11,2004-03
NCT01617434,The Effect of Liraglutide Versus Placebo When Added to Basal Insulin Analogues With or Without Metformin in Subjects With Type 2 Diabetes,COMPLETED,INTERVENTIONAL,PHASE3,451,Novo Nordisk A/S,"Dallas, San Antonio, Sugarland",2012-09,2013-10
NCT00256633,Fatty Acid Binding Protein 2 (FABP2) Ancillary Proposal,COMPLETED,OBSERVATIONAL,,874,US Department of Veterans Affairs,San Antonio,2007-04,2008-05
NCT01135446,"Pharmacodynamics, Pharmacokinetics, Safety and Tolerability of Ultra Low Doses of Dapagliflozin in Healthy Subjects",COMPLETED,INTERVENTIONAL,PHASE1,35,AstraZeneca,Austin,2010-05,2010-06
NCT01240759,Safety and Efficacy of S-707106 in Subjects With Type 2 Diabetes Mellitus and Inadequate Glycemic Control With Metformin Therapy,COMPLETED,INTERVENTIONAL,PHASE2,218,Shionogi,Houston,2010-10,2012-01
NCT01137812,The CANTATA-D2 Trial (CANagliflozin Treatment And Trial Analysis - DPP-4 Inhibitor Second Comparator Trial),COMPLETED,INTERVENTIONAL,PHASE3,756,"Janssen Research & Development, LLC","Dallas, Fort Worth, Houston, Killeen, Richardson, San Antonio, Schertz, Sugar Land",2010-07,2012-03
NCT00411892,Effect of Inhaled Insulin (AERx® iDMS) on Blood Glucose Control in Type 2 Diabetes,TERMINATED,INTERVENTIONAL,PHASE3,196,Novo Nordisk A/S,"Arlington, Dallas, Houston, Lewisville, Plano, San Antonio",2006-11-29,2008-03-18
NCT02305381,Efficacy and Safety of Semaglutide Once-weekly Versus Placebo as add-on to Basal Insulin Alone or Basal Insulin in Combination With Metformin in Subjects With Type 2 Diabetes,COMPLETED,INTERVENTIONAL,PHASE3,397,Novo Nordisk A/S,"Amarillo, Dallas, Fort Worth, Houston, Hurst, Katy, Mesquite, San Antonio, Sugar Land",2014-12-01,2015-11-21
NCT06845202,A Study to Evaluate ALN-4324 in Overweight to Obese Healthy Volunteers and in Overweight to Obese Patients With T2DM,ACTIVE_NOT_RECRUITING,INTERVENTIONAL,"PHASE1, PHASE2",105,Alnylam Pharmaceuticals,Dallas,2025-03-03,2027-08-31
NCT02294474,Comparison of SAR342434 to Humalog as the Rapid Acting Insulin in Adult Patients With Type 2 Diabetes Mellitus Also Using Insulin Glargine,COMPLETED,INTERVENTIONAL,PHASE3,505,Sanofi,"Austin, Dallas",2015-01,2016-02
NCT06112418,A Randomized Comparison of Stage-Based Care Versus Risk Factor-Based Care for Prevention of Cardiovascular Events,RECRUITING,INTERVENTIONAL,NA,7500,"Cleerly, Inc.","Abilene, Beaumont, Greenville, Houston, Laredo, Lewisville, McKinney, Mesquite, San Marcos, Stephenville",2024-03-06,2029-03-05
NCT00099320,Safety and Efficacy of Exenatide in Patients With Type 2 Diabetes Using Thiazolidinediones or Thiazolidinediones and Metformin,COMPLETED,INTERVENTIONAL,PHASE3,182,AstraZeneca,"Dallas, Georgetown, San Antonio, The Colony",2004-05,2005-08
NCT06192108,A Study of Orforglipron (LY3502970) Compared With Dapagliflozin in Adult Participants With Type 2 Diabetes and Inadequate Glycemic Control With Metformin,COMPLETED,INTERVENTIONAL,PHASE3,962,Eli Lilly and Company,"Dallas, Houston, Shavano Park",2024-01-10,2025-09-26
NCT00134147,A Clinical Trial Assessing the Impact of the Availability of Inhaled Insulin on Glucose Control,COMPLETED,INTERVENTIONAL,PHASE3,1100,Pfizer,San Antonio,2005-04,2007-05
NCT06066515,A Study to Test Whether Survodutide (BI 456906) Helps People Living With Overweight or Obesity Who do Not Have Diabetes to Lose Weight,COMPLETED,INTERVENTIONAL,PHASE3,726,Boehringer Ingelheim,"Austin, Houston, San Antonio, Shavano Park",2023-11-25,2026-02-20
NCT02613897,"ESR-15-11293 - Saxa/Dapa, Safety and Efficacy Study",COMPLETED,INTERVENTIONAL,NA,56,The University of Texas Health Science Center at San Antonio,San Antonio,2016-01,2018-06-30
NCT01718080,The Effects of Puberty and Weight on Sugar Metabolism in Children,COMPLETED,OBSERVATIONAL,,83,Baylor College of Medicine,Houston,2012-10,2015-06
NCT07400588,Aleniglipron Phase 2 in Type 2 Diabetes Mellitus,ACTIVE_NOT_RECRUITING,INTERVENTIONAL,PHASE2,58,"Gasherbrum Bio, Inc., a wholly owned subsidiary of Structure Therapeutics","Austin, DeSoto, Houston, Mesquite, San Antonio, Tomball",2025-12-01,2026-09
NCT06323161,A Research Study to See How Much CagriSema Lowers Blood Sugar and Body Weight Compared to Placebo in People With Type 2 Diabetes Treated With Once-daily Basal Insulin With or Without Metformin,COMPLETED,INTERVENTIONAL,PHASE3,274,Novo Nordisk A/S,"Dallas, Houston",2024-03-26,2025-10-23
NCT06481904,Registry for Stage 2 Type 1 Diabetes,RECRUITING,OBSERVATIONAL,,200,Sanofi,"Austin, Dallas, Fort Worth, Houston",2024-09-27,2037-01-15
NCT00935467,Pharmacokinetics and Pharmacodynamics Study of Saxagliptin in Healthy Subjects,COMPLETED,INTERVENTIONAL,PHASE1,12,AstraZeneca,Austin,2009-07,2009-08
NCT01002807,Bioavailability Study of Fixed Dose Combination (FDC) Formulations of Dapagliflozin and Metformin XR Versus Individual Component Coadministered to Healthy Subjects in a Fasted State,COMPLETED,INTERVENTIONAL,PHASE1,15,AstraZeneca,Austin,2009-11,2010-01
NCT00254254,"A Study to Evaluate the Pharmacokinetics, Pharmacodynamics, and Tolerability of Exenatide in Adolescent Subjects With Type 2 Diabetes Mellitus",COMPLETED,INTERVENTIONAL,PHASE2,13,AstraZeneca,San Antonio,2006-02,2007-02
NCT01167881,Efficacy and Safety of Empagliflozin (BI 10773) With Metformin in Patients With Type 2 Diabetes,COMPLETED,INTERVENTIONAL,PHASE3,1549,Boehringer Ingelheim,"Dallas, Longview, San Antonio",2010-08,2015-08
NCT06370494,Testing New Models of Diabetes Self-Management to Improve Population Health,COMPLETED,INTERVENTIONAL,NA,191,Texas A&M University,College Station,2019-02-01,2022-03-31
NCT00924053,"Safety, Tolerability and Pharmacokinetics Study of EGT0001474 in Subjects With Type 2 Diabetes",COMPLETED,INTERVENTIONAL,PHASE1,24,Theracos,San Antonio,2009-06,2009-07
NCT00976937,24-week Study Comparing Lixisenatide to Sitagliptin as add-on to Metformin in Obese Type 2 Diabetic Patients Younger Than 50 Years,COMPLETED,INTERVENTIONAL,PHASE3,319,Sanofi,"Dallas, San Antonio",2009-08,2011-03
NCT00881530,"Empagliflozin (BI 10773) in Type Two Diabetes (T2D) Patients, Open Label Extension",COMPLETED,INTERVENTIONAL,PHASE2,660,Boehringer Ingelheim,Dallas,2009-03,
NCT02229383,Phase III Study to Evaluate Safety and Efficacy of Added Exenatide Versus Placebo to Titrated Basal Insulin Glargine in Inadequately Controlled Patients With Type II Diabetes Mellitus,COMPLETED,INTERVENTIONAL,PHASE3,464,AstraZeneca,"Austin, Dallas, Houston",2014-09-06,2016-08-29
NCT04074317,"Phase 2, Randomized, Open-Label, Crossover, PD/PK Study of a Novel Pram-Insulin Co-Formulation in Adults With T1D",COMPLETED,INTERVENTIONAL,PHASE2,18,Xeris Pharmaceuticals,San Antonio,2019-08-22,2020-04-02
NCT01864174,Phase 4: Investigational Study to Evaluate Metformin XR Monotherapy Versus Metformin IR Monotherapy in Subjects With Type 2 Diabetes,COMPLETED,INTERVENTIONAL,PHASE4,1736,Bristol-Myers Squibb,"Dallas, San Antonio",2013-06-20,2016-06-01
NCT06267391,Safety and Effectiveness of Endoscopic Intestinal Re-Cellularization Therapy in Individuals With Type II Diabetes,RECRUITING,INTERVENTIONAL,NA,264,"Endogenex, Inc.","Austin, Bellaire, Dallas, DeSoto, Houston, Round Rock, San Antonio, Sugar Land",2024-05-01,2026-10-01
NCT05960656,"SGLTi, Hepatic Glucose Production and Ketogenesis",RECRUITING,INTERVENTIONAL,PHASE1,30,The University of Texas Health Science Center at San Antonio,San Antonio,2023-10-05,2027-06-30
NCT01324388,A Study of the Effect of LY2189265 on Two Blood Pressure Drugs,COMPLETED,INTERVENTIONAL,PHASE1,51,Eli Lilly and Company,Dallas,2011-03,2011-08
NCT05033054,Effect of SGLT2i on Cardiovascular Biomarkers in Patients With Type 2 Diabetes and CKD Stage 3b-4,COMPLETED,OBSERVATIONAL,,33,University of Texas Southwestern Medical Center,Dallas,2022-01-01,2025-02-01
NCT01933672,Study Of Two Dosing Regimens Of PF-04937319 Compared To An Approved Agent (Sitagliptin) In Patients With Type 2 Diabetes,COMPLETED,INTERVENTIONAL,PHASE1,33,Pfizer,San Antonio,2013-10,2014-03
NCT01789957,Extension Study for 2993-112,COMPLETED,INTERVENTIONAL,PHASE3,225,AstraZeneca,"Arlington, Austin, Dallas, El Paso, Fort Worth, Irving, Kingsville, Lake Jackson, McAllen, San Antonio",2002-09,2004-06
NCT05436041,Nutri Diet Goal Setting Software Pilot Trial,COMPLETED,INTERVENTIONAL,NA,82,University of Texas at Austin,Austin,2022-06-14,2022-12-20
NCT01907854,Efficacy and Safety of Switching From Sitagliptin to Liraglutide in Subjects With Type 2 Diabetes Not Achieving Adequate Glycaemic Control on Sitagliptin and Metformin,COMPLETED,INTERVENTIONAL,PHASE4,407,Novo Nordisk A/S,"Edinburg, Fort Worth, Houston, Midland, New Braunfels, North Richland Hills, San Antonio, Sugar Land",2013-12-02,2015-06-15
NCT00791895,Efficacy of Biphasic Insulin Aspart 30 in Type 2 Diabetics Failing on OADs,COMPLETED,INTERVENTIONAL,PHASE4,102,Novo Nordisk A/S,"Dallas, Houston",2003-06-26,2004-11-29
NCT02282046,Diabetes Effects on Long-Term Implant Survival and Success,COMPLETED,OBSERVATIONAL,,171,The University of Texas Health Science Center at San Antonio,San Antonio,2014-05,2018-09-05
NCT01498185,"BMS - Safety, Pharmacokinetics (PK) and Pharmacodynamics (PD) of Dapagliflozin in Type 1 Diabetes",COMPLETED,INTERVENTIONAL,PHASE2,171,AstraZeneca,Dallas,2012-02,2012-10
NCT00996658,Linagliptin Versus Placebo in Type 2 Diabetic Patients With Inadequate Glycaemic Control on Metformin in Combination With Pioglitazone,COMPLETED,INTERVENTIONAL,PHASE3,278,Boehringer Ingelheim,"Dallas, Houston, San Antonio, Sugar Land",2009-10,
NCT01621178,A Study Comparing Dulaglutide With Insulin Glargine on Glycemic Control in Participants With Type 2 Diabetes (T2D) and Moderate or Severe Chronic Kidney Disease (CKD),COMPLETED,INTERVENTIONAL,PHASE3,577,Eli Lilly and Company,"Austin, Dallas, El Paso, Houston, San Antonio",2012-07,2016-12
NCT00482768,Improving Risk Factors for Diabetes Complications in Primary Care,COMPLETED,INTERVENTIONAL,NA,2493,The University of Texas Health Science Center at San Antonio,San Antonio,2007-06,2013-05
NCT03235050,A Study to Evaluate the Efficacy and Safety of MEDI0382 in the Treatment of Overweight and Obese Subjects With Type 2 Diabetes,COMPLETED,INTERVENTIONAL,PHASE2,834,AstraZeneca,"Houston, Plano",2017-08-02,2019-06-14
NCT03596450,Long Term Comparative Effectiveness of Once Weekly Semaglutide Versus Standard of Care in a Real World Adult US Population With Type 2 Diabetes - a Randomized Pragmatic Trial,COMPLETED,INTERVENTIONAL,PHASE4,1278,Novo Nordisk A/S,"New Braunfels, Sugar Land",2018-07-13,2023-06-09
NCT00355849,Evaluate the Efficacy and Safety of Insulin in Patients With Type 2 Diabetes,COMPLETED,INTERVENTIONAL,PHASE3,555,Eli Lilly and Company,"Austin, Dallas, Georgetown, New Braunfels, San Antonio",2006-08,2008-06
NCT03496298,Effect of Efpeglenatide on Cardiovascular Outcomes,TERMINATED,INTERVENTIONAL,PHASE3,4076,Sanofi,"Corpus Christi, Dallas, El Paso, Fort Worth, Houston, Richmond, Waco",2018-04-27,2020-12-10
NCT02784275,A Study to Evaluate the Efficacy and Safety of Cyclo-Z in Patients With Obese Type 2 Diabetes,COMPLETED,INTERVENTIONAL,PHASE2,64,"NovMetaPharma Co., Ltd.","Houston, Tomball",2016-06-09,2017-05-17
NCT06959277,Balance4Mobility: Effects of Walkasins Use in Individuals With Peripheral Neuropathy and Balance Problems,RECRUITING,INTERVENTIONAL,NA,200,RxFunction Inc.,Galveston,2025-06-17,2027-12-31
NCT00108004,Clinical Utility and Safety of Pramlintide in Subjects With Type 1 and Type 2 Diabetes Mellitus,COMPLETED,INTERVENTIONAL,PHASE3,400,AstraZeneca,"Arlington, Dallas",2003-04,2005-06
NCT00036504,Efficacy and Safety of Twice-Daily Insulin Lispro Low Mixture Compared to a Once-Daily Long Acting Insulin Comparator in Patients Who Have Been Using One or More Oral Antihyperglycemic Agents Without Insulin,COMPLETED,INTERVENTIONAL,PHASE4,100,Eli Lilly and Company,Dallas,2001-08,2002-08
NCT06269107,"A Research Study to See How Well New Weekly Medicine IcoSema, Which is a Combination of Insulin Icodec and Semaglutide, Controls Blood Sugar Levels in People With Type 2 Diabetes (T2D), Compared to Daily Insulin Glargine (COMBINE 4)",COMPLETED,INTERVENTIONAL,PHASE3,485,Novo Nordisk A/S,"Amarillo, Austin, Dallas, Fort Worth, Lampasas, Red Oak, San Antonio, Shavano Park, Sugar Land",2024-02-15,2025-07-08
NCT04533659,Personalized Behavioral Nutrition Intervention in Older AAs With T2D,COMPLETED,INTERVENTIONAL,NA,12,The University of Texas Health Science Center at San Antonio,San Antonio,2020-08-01,2025-07-25
NCT04287179,SUSTAIN SWITCH: A Research Study to Compare Two Dose Schedules of Semaglutide Taken Once Weekly in People With Type 2 Diabetes,WITHDRAWN,INTERVENTIONAL,PHASE3,0,Novo Nordisk A/S,"Dallas, Round Rock, Sugar Land",2020-03-09,2021-01-25
NCT00266240,A Study of GK Activator (2) in Patients With Type 2 Diabetes Mellitus,COMPLETED,INTERVENTIONAL,PHASE2,267,Hoffmann-La Roche,Plano,2005-11,2007-05
NCT02681874,Smart and Secure Children Program for Preschool Obesity,COMPLETED,INTERVENTIONAL,NA,35,Baylor College of Medicine,Houston,2015-12,2022-04
NCT03260868,Evaluation of Virtual Versus Traditional Study Conducted in a Group Pilot Study in Adult Patients With Type 1 Diabetes Mellitus (eStudy),TERMINATED,INTERVENTIONAL,PHASE4,15,Sanofi,Houston,2017-09-19,2018-11-22
NCT06065540,"A Research Study to See How Well CagriSema Compared to Semaglutide, Cagrilintide and Placebo Lowers Blood Sugar and Body Weight in People With Type 2 Diabetes Treated With Metformin With or Without an SGLT2 Inhibitor",COMPLETED,INTERVENTIONAL,PHASE3,2734,Novo Nordisk A/S,"Arlington, Austin, Bellaire, Dallas, Houston, Katy, Kerrville, Missouri City, San Antonio, Shavano Park, Tomball",2023-09-27,2026-01-06
NCT02377362,"A Study to Assess the Safety, Tolerability, Pharmacokinetics, and Pharmacodynamics of GLWL-01",TERMINATED,INTERVENTIONAL,PHASE1,74,GLWL Research Inc.,San Antonio,2015-03,2016-11-09
NCT04974528,Afrezza® INHALE-1 Study in Pediatrics,COMPLETED,INTERVENTIONAL,PHASE3,319,Mannkind Corporation,"Dallas, Edinburg, San Antonio",2021-09-29,2025-04-29
NCT02025907,A Study to Evaluate the Efficacy and Safety of the Addition of Canagliflozin in Participants With Type 2 Diabetes Mellitus With Inadequate Glycemic Control on Metformin and Sitagliptin,COMPLETED,INTERVENTIONAL,PHASE4,218,"Janssen Research & Development, LLC","Arlington, San Antonio, Sugarland",2014-02,2015-09
NCT03887936,Testosterone Therapy and Bone Quality in Men With Diabetes and Hypogonadism,COMPLETED,INTERVENTIONAL,PHASE4,92,VA Office of Research and Development,Houston,2019-10-01,2025-10-08
NCT03332771,Efficacy and Safety of Sotagliflozin Versus Glimepiride and Placebo in Participants With Type 2 Diabetes Mellitus That Are Taking Metformin Monotherapy,COMPLETED,INTERVENTIONAL,PHASE3,954,Lexicon Pharmaceuticals,"Austin, Beaumont, Carrollton, Corpus Christi, Dallas, Fort Worth, Houston, Katy, Lampasas, Lufkin, McAllen, Mesquite, Plano, San Antonio, Schertz, Splendora",2017-12-01,2019-09-06
NCT00970424,Safety and Efficacy of Dutogliptin in Patients With Type 2 Diabetes Mellitus (T2DM) on Background Therapy With Pioglitazone,TERMINATED,INTERVENTIONAL,PHASE3,252,Forest Laboratories,"Arlington, Corpus Christi, Dallas, Houston, Irving, San Antonio",2009-08,
NCT03938740,Comparison of Different Insulin Dosing Algorithms Using Hepatic Directed Vesicle-Insulin Lispro and Insulin Degludec,COMPLETED,INTERVENTIONAL,PHASE2,61,Diasome Pharmaceuticals,"Austin, Round Rock",2019-03-18,2020-03-18
NCT03371108,Gan & Lee Insulin Glargine Target Type (2) Evaluating Research,COMPLETED,INTERVENTIONAL,PHASE3,567,"Gan and Lee Pharmaceuticals, USA","Austin, Kerrville, Round Rock, San Antonio, Schertz",2017-10-31,2019-04-17
NCT01106625,The CANTATA-MSU Trial (CANagliflozin Treatment And Trial Analysis - Metformin and SUlphonylurea),COMPLETED,INTERVENTIONAL,PHASE3,469,"Janssen Research & Development, LLC","Bryan, Dallas, DeSoto",2010-05,2012-04
NCT01290575,Multiple Ascending Dose Study of BMS-820132 in Patients With Type 2 Diabetes,COMPLETED,INTERVENTIONAL,PHASE1,67,Bristol-Myers Squibb,San Antonio,2011-02,2011-11
NCT00871936,A Comparison of SLx-4090 in Combination With Metformin Versus Metformin Therapy Alone in Patients With Type 2 Diabetes,COMPLETED,INTERVENTIONAL,PHASE2,82,Response Pharmaceuticals,San Antonio,2009-04,2009-10
NCT00755287,"A Study of the Safety, Tolerability and Effect on Glycemic Control of Taspoglutide Versus Insulin Glargine in Insulin Naive Type 2 Diabetic Patients Inadequately Controlled With Metformin Plus Sulphonylurea.",COMPLETED,INTERVENTIONAL,PHASE3,1072,Hoffmann-La Roche,"Dallas, Houston",2008-11,2010-12
NCT01856881,Multiple Ascending Dose Study in Subjects With Type 2 Diabetes,TERMINATED,INTERVENTIONAL,PHASE1,86,Amgen,San Antonio,2013-03,2015-03
NCT01045707,"Comparison of NN5401 Versus Insulin Glargine, Both Combined With Metformin Treatment, in Subjects With Type 2 Diabetes",COMPLETED,INTERVENTIONAL,PHASE3,530,Novo Nordisk A/S,"Dallas, Lubbock, San Antonio, Tomball",2010-01,2010-10
NCT00631007,"A Placebo Controlled Safety and Efficacy Study of INT131 Besylate in Type 2 Diabetes, With an Active Comparator",COMPLETED,INTERVENTIONAL,PHASE2,367,"InteKrin Therapeutics, Inc.","Dallas, Midland, San Antonio",2008-02,2009-09
NCT01194245,Safety/Efficacy Study of Subcutaneously Injected Prandial Insulins Compared to Insulin Lispro Alone in Participants With Type 1 Diabetes Mellitus,COMPLETED,INTERVENTIONAL,PHASE2,135,Halozyme Therapeutics,"Dallas, Round Rock, San Antonio",2010-08,2011-08
NCT04515576,A Study of LY3493269 in Participants With Type 2 Diabetes,COMPLETED,INTERVENTIONAL,PHASE1,56,Eli Lilly and Company,San Antonio,2020-08-25,2021-03-09
NCT05971940,A Study of Orforglipron (LY3502970) in Adult Participants With Type 2 Diabetes and Inadequate Glycemic Control With Diet and Exercise Alone,COMPLETED,INTERVENTIONAL,PHASE3,559,Eli Lilly and Company,"Dallas, Houston",2023-08-09,2025-04-03
NCT06542874,A Research Study Comparing How Well Different Doses of the Medicine NNC0487-0111 Lower Blood Sugar in People With Type 2 Diabetes,COMPLETED,INTERVENTIONAL,PHASE2,448,Novo Nordisk A/S,"Dallas, Houston, Lampasas, McKinney, Waco",2024-08-07,2025-10-24
NCT02405260,Add Glucokinase Activator to Target A1c,COMPLETED,INTERVENTIONAL,PHASE2,190,vTv Therapeutics,"San Antonio, Schertz",2015-03,2016-09
NCT04602650,Microbial Determinants of Dementia Risk in Type 2 Diabetics of Mexican Descent,COMPLETED,OBSERVATIONAL,,12,"The University of Texas Medical Branch, Galveston",Galveston,2021-01-14,2022-12-31
NCT07605390,RAndomized EHR-based Prescribing to Improve Disease-modifying Therapies for Cardio-Kidney-Metabolic Care (RAPID-CKM),NOT_YET_RECRUITING,INTERVENTIONAL,NA,600,Baylor Research Institute,"Dallas, Plano",2026-08,2028-01
NCT03311724,A Study of Tirzepatide (LY3298176) in Participants With Type 2 Diabetes,COMPLETED,INTERVENTIONAL,PHASE2,111,Eli Lilly and Company,"Dallas, Shavano Park",2017-10-19,2018-04-24
NCT02156843,Pyridorin in Diabetic Nephropathy,TERMINATED,INTERVENTIONAL,PHASE3,328,"NephroGenex, Inc.","Dallas, Houston, Midland",2014-06,2018-03
NCT01137474,A Study of BMS-512148 (Dapagliflozin) in Patients With Type 2 Diabetes and Inadequately Controlled Hypertension on an Angiotensin-Converting Enzyme Inhibitor or Angiotensin Receptor Blocker,COMPLETED,INTERVENTIONAL,PHASE3,2996,AstraZeneca,"Arlington, Dallas, El Paso, Houston, New Braunfels, North Richland Hills, Pasadena, Plano, San Antonio, Sugarland",2010-07,2013-02
NCT00690638,Safety and Efficacy Study of Dutogliptin/PHX1149T to Treat Type 2 Diabetes Mellitus,COMPLETED,INTERVENTIONAL,PHASE3,480,Phenomix,"El Paso, San Antonio",2008-07,2010-04
NCT05514535,"A Research Study to Look Into How Semaglutide, Together With a Lower Dose of Insulin Glargine, Compares to a Higher Dose of Insulin Glargine Alone in People With Type 2 Diabetes (SUSTAIN OPTIMIZE)",COMPLETED,INTERVENTIONAL,PHASE3,573,Novo Nordisk A/S,"Amarillo, Arlington, Austin, Cedar Park, Dallas, El Paso, Fort Worth, Houston, Hurst, Longview, McKinney, Plano, San Antonio, Shavano Park, Sugar Land, Waco",2022-08-29,2025-04-09
NCT01885208,Efficacy and Safety of Semaglutide Once-weekly Versus Exenatide ER 2.0 mg Once-weekly as add-on to 1-2 Oral Antidiabetic Drugs (OADs) in Subjects With Type 2 Diabetes,COMPLETED,INTERVENTIONAL,PHASE3,813,Novo Nordisk A/S,"Austin, Carrollton, Dallas, Fort Worth, Houston, Irving, Katy, San Antonio, Sugar Land",2013-12-02,2015-07-13
NCT00968708,Cardiovascular Outcomes Study of Alogliptin in Patients With Type 2 Diabetes and Acute Coronary Syndrome,COMPLETED,INTERVENTIONAL,PHASE3,5380,Takeda,"Austin, Beaumont, Carrollton, Dallas, Denton, Edinburg, Fort Worth, Grapevine, Houston, McKinney, North Richland Hills, Plano, Saginaw, San Antonio, Southlake, Temple, Tomball",2009-09,2013-06
NCT07329452,Menu to Meal (M2M) Menu Labeling Intervention Study,COMPLETED,INTERVENTIONAL,NA,242,Texas A&M University,Bryan,2025-11-17,2026-05-18
NCT01068743,Bioequivalence Study of Fixed Dose Combination of 2.5 mg Saxagliptin/850 mg Metformin Tablet Relative to 2.5 mg Onglyza and 850 mg Glucophage Tablets Co-Administered,COMPLETED,INTERVENTIONAL,PHASE1,24,AstraZeneca,Austin,2010-02,2010-03
NCT05199090,"Study to Assess Safety, Tolerability and Efficacy of SC Administered MBL949 in Obese Participants With or Without T2DM",TERMINATED,INTERVENTIONAL,PHASE2,126,Novartis Pharmaceuticals,Dallas,2022-02-10,2023-05-11
NCT01729130,Adipose Tissue Function After Pancreas Transplantation,COMPLETED,OBSERVATIONAL,,15,"The University of Texas Medical Branch, Galveston",Galveston,2009-09,2019-02-19
NCT07112872,A Study to Compare Different Doses of RO7795081 With a Placebo or Semaglutide in People With Type 2 Diabetes,ACTIVE_NOT_RECRUITING,INTERVENTIONAL,PHASE2,240,Hoffmann-La Roche,"Austin, Bellaire, Dallas, Waco",2025-08-19,2026-11-27
NCT00424411,Six Month Clinical Trial Assessing Efficacy And Safety Of Inhaled Insulin In Type 2 Diabetes,COMPLETED,INTERVENTIONAL,PHASE3,300,Pfizer,"Austin, Dallas, Irving, San Antonio",1999-09,2000-12
NCT00952445,A Safety and Efficacy Study of T0903131 (INT131) Besylate to Treat Type 2 Diabetes Mellitus,COMPLETED,INTERVENTIONAL,PHASE2,70,"InteKrin Therapeutics, Inc.","Dallas, San Antonio",2003-12,2004-06
NCT00518115,Out-Patient Study in Patients With Type 2 Diabetes Mellitus Who Are Taking no Diabetes Medication or Metformin Only,COMPLETED,INTERVENTIONAL,PHASE2,361,GlaxoSmithKline,"Cleburne, Dallas, Euless, Houston, LaPorte, Lewisville, Longview, Midland, Missouri City, Pasadena, Pearland, Pharr, Round Rock, San Antonio, San Marcos, Spring, Sugar Land, The Woodlands, Tomball",2007-04,2008-05
NCT05348733,A Study Called FINE-REAL to Learn More About the Use of the Drug Finerenone in a Routine Medical Care Setting,ACTIVE_NOT_RECRUITING,OBSERVATIONAL,,4613,Bayer,"El Paso, Flint, Houston, McAllen, Plano, Webster",2022-06-13,2026-12-22
NCT00885378,Efficacy and Safety Study of Saxagliptin + Metformin Immediate Release (IR) Versus Metformin IR Alone in Type 2 Diabetes Mellitus,COMPLETED,INTERVENTIONAL,PHASE3,166,AstraZeneca,"Houston, Pearland, San Antonio",2009-05,2010-02
NCT00729326,Comparison of the Effect of Exenatide Versus Sitagliptin on 24-hour Average Glucose in Patients With Type 2 Diabetes on Metformin or a Thiazolidinedione,COMPLETED,INTERVENTIONAL,PHASE4,83,AstraZeneca,San Antonio,2008-08,2009-10
NCT02460978,Dapagliflozin Evaluation in Patients With Inadequately Controlled Type 1 Diabetes,COMPLETED,INTERVENTIONAL,PHASE3,815,AstraZeneca,"Amarillo, Austin, Dallas, Edinburg, Mesquite, San Antonio",2015-07-08,2018-04-18
NCT05730582,Increasing Uptake of EHR-enabled Population Health Outreach Strategies to Improve Diabetes Screening,ENROLLING_BY_INVITATION,INTERVENTIONAL,NA,500000,University of Texas Southwestern Medical Center,Dallas,2024-03-05,2028-12-30
NCT01106677,The CANTATA-D Trial (CANagliflozin Treatment and Trial Analysis - DPP-4 Inhibitor Comparator Trial),COMPLETED,INTERVENTIONAL,PHASE3,1284,"Janssen Research & Development, LLC","New Braunfels, San Antonio",2010-05,2012-05
NCT01098539,A Study of the Efficacy and Safety of Albiglutide in Subjects With Type 2 Diabetes With Renal Impairment.,COMPLETED,INTERVENTIONAL,PHASE3,507,GlaxoSmithKline,"Arlington, Austin, Dallas, Deer Park, Fort Worth, Grapevine, Houston, Humble, Hurst, Irving, Midland, North Richland Hills, Pearland, Plano, Richardson, San Antonio, Schertz, Sugarland, Tomball",2010-05,2012-11
NCT02653599,A Study to Evaluate Safety and Efficacy of TTP273 for 12 Weeks in Subjects With Type 2 Diabetes,COMPLETED,INTERVENTIONAL,PHASE2,174,vTv Therapeutics,"Corpus Christi, Houston, Humble, Hurst, Katy, San Antonio",2015-12,2017-01
NCT04854512,Investigational Study of Delayed Release Metformin,SUSPENDED,INTERVENTIONAL,PHASE3,675,Anji Pharma,"Austin, Corpus Christi, Dallas, Houston, San Antonio",2021-05-18,2024-06-30
NCT00032487,Glycemic Control and Complications in Diabetes Mellitus Type 2 (VADT),COMPLETED,INTERVENTIONAL,PHASE3,1791,VA Office of Research and Development,"Houston, San Antonio",2000-12-01,2008-05-30
NCT01135992,Switching From Insulin Glargine to Insulin Degludec in Subjects With Type 2 Diabetes Mellitus (BEGIN™),COMPLETED,INTERVENTIONAL,PHASE3,143,Novo Nordisk A/S,"Austin, Fort Worth",2010-06,2010-11
NCT02973100,A Study of Investigational Dulaglutide Doses in Participants With Type 2 Diabetes on Metformin Monotherapy,COMPLETED,INTERVENTIONAL,PHASE2,318,Eli Lilly and Company,"Dallas, San Antonio, Waxahachie",2016-12,2017-08-14
NCT00762736,Efficacy and Safety of Pioglitazone and Azilsartan in Treating Subjects With Type 2 Diabetes Mellitus,COMPLETED,INTERVENTIONAL,PHASE2,704,Takeda,"Arlington, Dallas, Fort Worth, Midland, North Richard Hills, San Antonio",2004-07,2005-10
NCT00138671,A One Year Clinical Trial Assessing the Usefulness and Safety of Inhaled Insulin in Diabetics With COPD,TERMINATED,INTERVENTIONAL,PHASE3,105,Pfizer,"Beaumont, Dallas, Houston, San Antonio",2003-01,2008-09
NCT01107717,Durability of Combination Therapy With Exenatide/Pioglitazone/Metformin vs. Conventional Therapy in New Onset T2DM,COMPLETED,INTERVENTIONAL,PHASE4,318,The University of Texas Health Science Center at San Antonio,San Antonio,2009-01,2023-02-03
NCT00943917,Study of ITCA 650 (Exenatide in DUROS) in Subjects With Type 2 Diabetes Mellitus,COMPLETED,INTERVENTIONAL,PHASE2,155,Intarcia Therapeutics,"Austin, Dallas, Irving, San Antonio",2009-08,2011-02
NCT03119584,Efficacy of Linaclotide in Type II Diabetics With Chronic Constipation,ACTIVE_NOT_RECRUITING,INTERVENTIONAL,PHASE4,23,"Texas Tech University Health Sciences Center, El Paso",El Paso,2015-09-01,2027-01
NCT00954447,Efficacy and Safety of Linagliptin in Combination With Insulin in Patients With Type 2 Diabetes,COMPLETED,INTERVENTIONAL,PHASE3,1263,Boehringer Ingelheim,"Dallas, Houston",2009-08,
NCT00856284,Efficacy and Safety of Alogliptin Plus Metformin Compared to Glipizide Plus Metformin in Patients With Type 2 Diabetes Mellitus,COMPLETED,INTERVENTIONAL,PHASE3,2639,Takeda,"Arlington, Carrollton, Dallas, Fort Worth, Houston, Hurst, Katy, San Antonio, Spring, Temple",2009-03,2012-10
NCT00630825,A Study of Dose Titration of LY2189265 in Overweight Participants With Type 2 Diabetes Mellitus,COMPLETED,INTERVENTIONAL,PHASE2,262,Eli Lilly and Company,"Austin, Dallas, San Antonio",2008-04,2009-01
NCT04542148,Glycemic Control After Antenatal Corticosteroids in Women With Pregestational and Gestational Diabetes,ACTIVE_NOT_RECRUITING,INTERVENTIONAL,PHASE2,120,University of Alabama at Birmingham,Houston,2022-02-10,2026-12-31
NCT01601704,Cardiovascular Outcomes Study of Naltrexone SR/Bupropion SR in Overweight and Obese Subjects With Cardiovascular Risk Factors (The Light Study),TERMINATED,INTERVENTIONAL,PHASE3,8910,"Orexigen Therapeutics, Inc","Beaumont, Corpus Christi, Dallas, Houston, Hurst, Lake Jackson, McKinney, San Antonio, Schertz, Tomball, Waco",2012-06,2015-08
NCT00554450,Renal Impairment in Type 2 Diabetic Subjects,COMPLETED,INTERVENTIONAL,PHASE1,40,AstraZeneca,San Antonio,2006-03,2008-10
NCT00286455,Efficacy and Safety of Alogliptin in Subjects With Type 2 Diabetes,COMPLETED,INTERVENTIONAL,PHASE3,329,Takeda,"Corpus Christi, Dallas, San Antonio, Temple, Texarkana",2006-02,2007-07
NCT00960791,"Study to Assess the Absorption, Distribution, Metabolism and Excretion of AZD1656 in Type 2 Diabetes Mellitus (T2DM)",COMPLETED,INTERVENTIONAL,PHASE1,6,AstraZeneca,San Antonio,2009-07,2009-09
NCT00553787,Study of VI-0521 Compared to Placebo in Treatment of Diabetes and Obesity in Adults With Obesity-Related Co-Morbid Conditions,COMPLETED,INTERVENTIONAL,PHASE3,2487,VIVUS LLC,Austin,2007-11,2009-06
NCT07589608,"A Study to Investigate Weight Management With Macupatide and Eloralintide, Alone or in Combination, in Adult Participants With Obesity or Overweight",RECRUITING,INTERVENTIONAL,PHASE2,400,Eli Lilly and Company,"Austin, Dallas, Houston, San Antonio, Weslaco",2026-05-15,2028-02
NCT00997178,Diabetes and Periodontal Therapy Trial,COMPLETED,INTERVENTIONAL,PHASE3,514,Stony Brook University,"Houston, San Antonio",2009-10,2012-12
NCT06906640,Implementation pRogram to Improve Screening and Management for CKD in Diabetes (IRIS-CKD) (Program 2),RECRUITING,INTERVENTIONAL,NA,420,Duke University,"Houston, Temple",2025-10-28,2027-04-01
NCT00913393,Study of FibroGen (FG)-3019 in Subjects With Type 2 Diabetes Mellitus and Kidney Disease on ACEi and/or ARB Therapy,TERMINATED,INTERVENTIONAL,PHASE2,46,Kyntra Bio,"Dallas, Houston, San Antonio",2009-02,2010-06
NCT01742208,Safety and Efficacy of Sotagliflozin (LX4211) in Patients With Inadequately Controlled Type 1 Diabetes Mellitus,COMPLETED,INTERVENTIONAL,PHASE2,36,Lexicon Pharmaceuticals,Dallas,2013-02,2014-01
NCT03604198,Extension Study to Evaluate the Safety of Long-Term Use of Relacorilant in Patients With Cushing Syndrome,ACTIVE_NOT_RECRUITING,INTERVENTIONAL,PHASE2,125,Corcept Therapeutics,"Dallas, El Paso, Fort Worth, Houston",2018-05-07,2026-12
NCT06580964,Heat and Exercise in Aging as Therapy (HEAT),RECRUITING,INTERVENTIONAL,NA,54,Texas Tech University,Lubbock,2025-11-06,2029-07-31
NCT01867216,A Study of Multiple Doses of LY2922470 in Participants With Diabetes,COMPLETED,INTERVENTIONAL,PHASE1,66,Eli Lilly and Company,Dallas,2013-06,2014-01
NCT02524782,"A Phase 1, Single- and Multiple Dose Study to Evaluate the Safety, Tolerability, Pharmacokinetics, and Pharmacodynamics of MEDI4166 in Subjects With Type 2 Diabetes",COMPLETED,INTERVENTIONAL,PHASE1,103,MedImmune LLC,San Antonio,2015-10-07,2017-04-14
NCT02906579,"A Phase 2 Trial of IW-1973, A Stimulator of Soluble Guanylate Cyclase (sGC), in Patients With Stable Type 2 Diabetes and Hypertension",COMPLETED,INTERVENTIONAL,PHASE2,11,Cyclerion Therapeutics,San Antonio,2016-09,2017-03-17
NCT03406975,Multicenter Endoscopic Sleeve Gastrectomy (ESG) Trial (MERIT Trial),COMPLETED,INTERVENTIONAL,NA,208,Mayo Clinic,Houston,2017-12-20,2021-10-15
NCT00614783,Screening for Early Evidence of Diabetes,COMPLETED,OBSERVATIONAL,,3478,"VeraLight, Inc.",San Antonio,2007-05,2010-12
NCT00523042,Safety of Inhaled Preprandial Human Insulin in Subjects With Diabetes and Asthma,TERMINATED,INTERVENTIONAL,PHASE3,10,Novo Nordisk A/S,Houston,2007-08-30,2008-02-28
NCT02554877,A 12-week Study To Evaluate PF-06291874 Once a Day in Adults With T2DM Inadequately Controlled On Metformin,COMPLETED,INTERVENTIONAL,PHASE2,206,Pfizer,"Houston, Katy, San Antonio, Schertz",2015-10,2016-08
NCT01107886,Does Saxagliptin Reduce the Risk of Cardiovascular Events When Used Alone or Added to Other Diabetes Medications,COMPLETED,INTERVENTIONAL,PHASE4,18206,AstraZeneca,"Amarillo, Arlington, Austin, Colleyville, Dallas, Edinburg, Fort Worth, Georgetown, Grapevine, Houston, Irving, Katy, McAllen, Midland, Mission, Odessa, Plano, Richardson, San Antonio, San Marcos, Southlake, Tomball, Victoria",2010-05,2013-05
NCT00286429,Efficacy and Safety Study of Alogliptin and Insulin in the Treatment of Type 2 Diabetes.,COMPLETED,INTERVENTIONAL,PHASE3,390,Takeda,"Corpus Christi, Dallas, San Antonio, Temple, Texarkana",2006-02,2007-05
NCT01814137,A Randomised Trial Comparing Efficacy and Safety After Intensification With Either Insulin Aspart Once Daily as add-on or Changing to Basal Bolus Treatment With Insulin Degludec and Insulin Aspart in Subjects With Type 2 Diabetes Previously Treated With Insulin Degludec/Insulin Aspart Twice Daily,COMPLETED,INTERVENTIONAL,PHASE3,40,Novo Nordisk A/S,"Dallas, Fort Worth",2013-03,2014-03
NCT00437112,Evaluate the Efficacy and Safety of Insulin Compared to Glargine in Patients With Type 2 Diabetes,COMPLETED,INTERVENTIONAL,PHASE3,142,Eli Lilly and Company,"New Braunfels, San Antonio",2007-02,2008-05
NCT01068665,Comparison of NN1250 With Insulin Glargine in Subjects With Type 2 Diabetes,COMPLETED,INTERVENTIONAL,PHASE3,460,Novo Nordisk A/S,"DeSoto, El Paso, Killeen, Plano, Sugar Land",2010-03,2010-11
NCT00995345,Safety and Efficacy of Once-Daily KRP-104 in Type 2 Diabetics With Inadequate Glycemic Control on Metformin Alone,COMPLETED,INTERVENTIONAL,PHASE2,403,"ActivX Biosciences, Inc.","Austin, Houston, San Antonio",2009-10,2011-01
NCT00143520,Placebo and Active Controlled Study of Rivoglitazone in Type 2 Diabetes,COMPLETED,INTERVENTIONAL,"PHASE2, PHASE3",441,Daiichi Sankyo,"Carrollton, Conroe, Houston, Midland, San Antonio, Spring, Sugar Land",2004-12,2005-12
NCT00811889,Trial to Determine the Effects of Bardoxolone Methyl on eGFR in Patients With Type 2 Diabetes and Chronic Kidney Disease,COMPLETED,INTERVENTIONAL,PHASE2,227,Biogen,"Corpus Christi, Dallas, El Paso, Fort Worth, San Antonio",2009-04-30,2010-12-31
NCT01289990,Safety and Efficacy of Empagliflozin (BI 10773) and Sitagliptin Versus Placebo Over 76 Weeks in Patients With Type 2 Diabetes,COMPLETED,INTERVENTIONAL,PHASE3,2705,Boehringer Ingelheim,"Houston, Hurst, Killeen, San Antonio",2011-02,2013-05
NCT01646320,Safety and Efficacy of Dapagliflozin in Triple Therapy to Treat Subjects With Type 2 Diabetes,COMPLETED,INTERVENTIONAL,PHASE3,320,AstraZeneca,"Houston, San Antonio",2012-09,2015-02
NCT03654313,Single and Multiple Ascending Doses of MEDI6570 in Subjects With Type 2 Diabetes Mellitus,COMPLETED,INTERVENTIONAL,PHASE1,88,MedImmune LLC,San Antonio,2018-09-28,2020-07-21
NCT02199769,Reducing Type 2 Diabetes Diagnostic Delays Using Decision Support,COMPLETED,INTERVENTIONAL,NA,747,University of Texas Southwestern Medical Center,Dallas,2014-07-01,2016-04-01
NCT01377961,Effect of Lycopene and Isoflavones on Glucose Metabolism,WITHDRAWN,INTERVENTIONAL,NA,0,"The University of Texas Medical Branch, Galveston",Galveston,2010-09,2015-08
NCT00886821,A Safety and Pharmacokinetic Study of CVX-096 in Type 2 Diabetics,COMPLETED,INTERVENTIONAL,PHASE1,114,Pfizer,San Antonio,2008-10,2011-06
NCT03914326,A Heart Disease Study of Semaglutide in Patients With Type 2 Diabetes,COMPLETED,INTERVENTIONAL,PHASE3,9651,Novo Nordisk A/S,"Arlington, Austin, Dallas, Fort Worth, Houston, Longview, Midland, Round Rock, Sugar Land, Waco",2019-06-17,2024-08-23
NCT05267626,"Study of AU-007, A Monoclonal Antibody That Binds to IL-2 and Inhibits IL-2Rα Binding, in Patients With Unresectable Locally Advanced or Metastatic Cancer",RECRUITING,INTERVENTIONAL,"PHASE1, PHASE2",159,"Aulos Bioscience, Inc.","Austin, Houston, San Antonio",2022-04-04,2026-06-12
NCT01194258,Safety/Efficacy Study of Subcutaneously Injected Prandial Insulins Compared to Insulin Lispro Alone in Patients With Type 2 Diabetes Mellitus,COMPLETED,INTERVENTIONAL,PHASE2,132,Halozyme Therapeutics,"Dallas, Round Rock, San Antonio",2010-08,2011-08
NCT01092663,The Effects of Co-admin of Colesevelam and Sitagliptin on Glucose Metabolism in Subjects With Type 2 Diabetes Mellitus,COMPLETED,INTERVENTIONAL,NA,61,KineMed,San Antonio,2010-03,2011-07
NCT03724981,A Study Comparing the Dulaglutide Pen and the Semaglutide Pen,COMPLETED,INTERVENTIONAL,PHASE4,312,Eli Lilly and Company,Houston,2018-10-18,2019-04-12
NCT00484419,"Effects of Colesevelam HCl, Rosiglitazone, Sitagliptin on Control of Blood Glucose and Lipids in Type 2 Diabetes Patients Whose Blood Glucose Isn't Completely Controlled With Metformin",COMPLETED,INTERVENTIONAL,PHASE3,169,Daiichi Sankyo,Dallas,2007-05,2008-04
NCT00386100,A Type 2 Diabetes Study of the Longer-Term Glycemic Effect of AVANDAMET vs. Metformin,COMPLETED,INTERVENTIONAL,PHASE4,688,GlaxoSmithKline,"Corpus Christi, Dallas, Georgetown",2006-10,2009-09
NCT07416799,Feasibility and Adherence to a Technology-assisted Home-based Strength Training Program in Adults With Type 2 Diabetes Mellitus and Mild Cognitive Impairment,RECRUITING,INTERVENTIONAL,NA,20,"The University of Texas Medical Branch, Galveston",Galveston,2026-04-14,2027-03
NCT01798264,"Open Label, 4 Week Study of ITCA 650 in Adults With Type 2 Diabetes",COMPLETED,INTERVENTIONAL,PHASE1,44,Intarcia Therapeutics,San Antonio,2009-02,2009-05
NCT07595549,A Study to Learn About the Study Medicine Called Berobenatide (PF-08653944) in People With Overweight or Obesity,RECRUITING,INTERVENTIONAL,PHASE3,954,Pfizer,San Antonio,2026-06-10,2028-06-21
NCT06544876,Balance Control and Recovery in Diabetes Peripheral Neuropathy,RECRUITING,INTERVENTIONAL,NA,60,Lisa Griffin,Austin,2023-09-12,2028-08-31
NCT01306214,Safety and Efficacy of BI 10773 as add-on to Insulin Regimen in Patients With Type 2 Diabetes Mellitus,COMPLETED,INTERVENTIONAL,PHASE3,566,Boehringer Ingelheim,"Austin, Dallas, Houston",2011-02,2013-04
NCT00097279,Comparison of Biphasic Insulin Aspart 70/30 With Anti-Diabetic Drugs in Subjects With Type 2 Diabetes,COMPLETED,INTERVENTIONAL,PHASE3,230,Novo Nordisk A/S,"Arlington, Dallas, Irving, Midland, San Antonio",2004-08,2005-08
NCT01399580,"A Prospective, Double-Blind, Placebo-Controlled, Multicenter Study to Evaluate Efficacy and Safety of Atrasentan, Including Thoracic Bioimpedance, in Type 2 Diabetic Subjects With Nephropathy",COMPLETED,INTERVENTIONAL,PHASE2,48,"AbbVie (prior sponsor, Abbott)","Dallas, Greenville, Houston, North Richland Hills",2011-08,2012-09
NCT01874431,Safety and Efficacy of Different Oral Doses of BAY94-8862 in Subjects With Type 2 Diabetes Mellitus and the Clinical Diagnosis of Diabetic Nephropathy,COMPLETED,INTERVENTIONAL,PHASE2,823,Bayer,Dallas,2013-06-12,2014-08-07
NCT07579702,Efficacy of the Omnipod® 6 System Compared With the Omnipod® 5 System,RECRUITING,INTERVENTIONAL,NA,200,Insulet Corporation,Houston,2026-05-13,2027-02-01
NCT01476475,Efficacy and Safety of Insulin Glargine/Lixisenatide Fixed Combination Versus Insulin Glargine Alone on Top of Metformin in Type 2 Diabetic Patients,COMPLETED,INTERVENTIONAL,PHASE2,323,Sanofi,Dallas,2011-11,2012-12
NCT00044395,Treatment for Symptomatic Peripheral Neuropathy in Patients With Diabetes,COMPLETED,INTERVENTIONAL,PHASE3,200,Eli Lilly and Company,"Dallas, Houston",2002-07,2005-10
NCT01867307,Effect of Empagliflozin Kinetics on Renal Glucose Reabsorption in Patients With Type II Diabetes and Healthy Controls,COMPLETED,INTERVENTIONAL,PHASE2,39,Boehringer Ingelheim,San Antonio,2013-06,2015-10
NCT04817644,"A Research Study to See How Much Semaglutide and SNAC is in the Milk of Healthy, Breastfeeding Women Taking Semaglutide Tablets",COMPLETED,INTERVENTIONAL,PHASE1,14,Novo Nordisk A/S,San Antonio,2021-09-10,2023-07-03
NCT01113801,A Study in Participants With Diabetic Kidney Disease,TERMINATED,INTERVENTIONAL,PHASE2,417,Eli Lilly and Company,"Dallas, Lufkin",2010-07,2014-07
NCT00095030,Study Comparing Muraglitazar With Glimepiride in Type 2 Diabetics Who Are Not Controlled With Metformin Alone,COMPLETED,INTERVENTIONAL,PHASE3,1752,Bristol-Myers Squibb,"Austin, Bryan, Corpus Christi, Dallas, Houston, Midland, San Antonio",2004-02,2006-03
NCT01177163,"A Safety, Tolerability, Pharmacokinetics, and Pharmacodynamics Study of JNJ-28431754 in Patients With Type 2 Diabetes Mellitus",COMPLETED,INTERVENTIONAL,PHASE1,29,"Johnson & Johnson Pharmaceutical Research & Development, L.L.C.",San Antonio,2008-05,2009-03
NCT01183013,"30 Week Parallel Group Comparison Study of Linagliptin + Pioglitazone (5+15, 5+30 and 5+45 mg) qd Versus Respective Monotherapies, Followed by a Comparison of 5mg+30mg and 5mg+45mg Versus Respective Monotherapies in Type 2 Diabetes for up to 54 Weeks",COMPLETED,INTERVENTIONAL,PHASE3,936,Boehringer Ingelheim,"Corpus Christi, Dallas, Houston, Killeen, Midland, New Braunfels, North Richland Hills, Plano, San Antonio",2010-08,2013-02
NCT00308737,Safety of Inhaled Insulin With Type 1 and Type 2 Diabetes,COMPLETED,INTERVENTIONAL,PHASE3,2053,Mannkind Corporation,"Colleyville, Dallas, Houston, Plano, San Antonio, Temple, Waco",2005-06,2008-10
NCT06260722,Effect of Retatrutide Compared With Semaglutide in Adult Participants With Type 2 Diabetes and Inadequate Glycemic Control With Metformin With or Without SGLT2 Inhibitor (TRANSCEND-T2D-2),ACTIVE_NOT_RECRUITING,INTERVENTIONAL,PHASE3,1250,Eli Lilly and Company,"Dallas, Fort Worth, Houston, Mesquite, Shavano Park, Weslaco, Wylie",2024-02-21,2027-01
NCT00975286,24-week Treatment With Lixisenatide in Type 2 Diabetes Insufficiently Controlled With Metformin and Insulin Glargine,COMPLETED,INTERVENTIONAL,PHASE3,446,Sanofi,"Dallas, Houston, Plano",2009-10,2011-08
NCT00673231,"Efficacy and Safety of Dapagliflozin, Added to Therapy of Patients With Type 2 Diabetes With Inadequate Glycemic Control on Insulin",COMPLETED,INTERVENTIONAL,PHASE3,1240,AstraZeneca,"Corpus Christi, Dallas",2008-04,2011-01
NCT03170518,A Study to Investigate the Efficacy and Safety of Canagliflozin in Children and Adolescents (>=10 to <18 Years) With Type 2 Diabetes Mellitus,COMPLETED,INTERVENTIONAL,PHASE3,171,"Janssen Research & Development, LLC","Austin, Corpus Christi, Houston, Kerrville, Lufkin, San Antonio",2017-07-21,2023-09-20
NCT01475461,Phase 2 Study To Evaluate Safety And Efficacy Of Investigational Drug - PF04937319 In Patients With Type 2 Diabetes,COMPLETED,INTERVENTIONAL,PHASE2,345,Pfizer,"Austin, Houston, Plano, Sugar Land, Tomball",2011-11,2013-01
NCT06582056,Study on Biomarkers of Periodontitis and Type 2 Diabetes Mellitus in Males and Females 30 - 70 Years of Age,COMPLETED,INTERVENTIONAL,NA,226,"Sanofi Pasteur, a Sanofi Company",Houston,2024-10-09,2025-09-30
NCT04865770,"A Research Study to Find Out How Semaglutide Works in the Kidneys Compared to Placebo, in People With Type 2 Diabetes and Chronic Kidney Disease (the REMODEL Trial)",COMPLETED,INTERVENTIONAL,PHASE3,106,Novo Nordisk A/S,"Houston, San Antonio",2021-04-28,2024-11-21
NCT00842556,Pharmacokinetic Drug Interaction Study of Dapagliflozin and Glimepiride or Sitagliptin in Healthy Subjects,COMPLETED,INTERVENTIONAL,PHASE1,18,AstraZeneca,Austin,2009-03,2009-05
NCT00035568,"A Research Study to Assess the Mechanism By Which Glucovance, Metformin, and Glyburide Work To Control Glucose Levels In Patients With Type 2 Diabetes",COMPLETED,INTERVENTIONAL,PHASE4,,Bristol-Myers Squibb,"Dallas, San Antonio",2002-02,2003-06
NCT02551874,"A 24-week Open-Label, Phase 3b Trial With a 28-week Extension to Evaluate the Efficacy and Safety of Saxagliptin Co-administered With Dapagliflozin Compared to Insulin Glargine in Subjects withType 2 Diabetes Who Have Glycemic Control on Metformin",COMPLETED,INTERVENTIONAL,PHASE3,650,AstraZeneca,"Houston, Mesquite, San Antonio",2015-10-20,2017-11-10
NCT01619059,Safety and Efficacy of Saxagliptin in Triple Therapy to Treat Subjects With Type 2 Diabetes,COMPLETED,INTERVENTIONAL,PHASE3,315,AstraZeneca,Corpus Christi,2012-06,2015-01
NCT01734785,Safety and Efficacy of the Combination of Empagliflozin and Linagliptin Compared to Linagliptin Alone Over 24 Weeks in Patients With Type 2 Diabetes,COMPLETED,INTERVENTIONAL,PHASE3,607,Boehringer Ingelheim,"Corpus Christi, Houston, San Antonio",2013-02-08,2015-03-23
NCT05173675,Empathy in Action: Sunshine Calls for Life With Diabetes,COMPLETED,INTERVENTIONAL,NA,260,University of Texas at Austin,"Austin, Bastrop, Cedar Park, Georgetown, Pflugerville, Round Rock",2022-02-12,2024-04-29
NCT00168857,"A Prospective, Randomised, Double-blind, Double-dummy, Forced-titration, Multicentre, Parallel Group, One Year Treatment Trial to Compare Telmisartan (MICARDIS) 80 mg Versus Losartan (COZAAR) 100 mg, in Hypertensive Type 2 Diabetic Patients With Overt Nephropathy (AMADEO Study)",COMPLETED,INTERVENTIONAL,PHASE4,860,Boehringer Ingelheim,"Dallas, San Antonio",2003-07-09,
NCT01505673,Adding Liraglutide to High Dose Insulin: Breaking the Cycle,COMPLETED,INTERVENTIONAL,PHASE4,71,Ildiko Lingvay,Dallas,2012-01,2016-06
NCT03436875,Cardiometabolic and Mental Health in the RGV,WITHDRAWN,OBSERVATIONAL,,0,University of Texas Rio Grande Valley,Brownsville,2023-01-01,2028-12-30
NCT02681094,"A Multi-Center, Randomized, Double-Blind, Phase III Trial to Evaluate the Safety and Efficacy of Saxagliptin Co-administered With Dapagliflozin Compared to Saxagliptin or Dapagliflozin All Given as add-on Therapy to Metformin in Subject With Type 2 Diabetes",COMPLETED,INTERVENTIONAL,PHASE3,905,AstraZeneca,"Dallas, El Paso, Fort Worth, Houston, Odessa, Sugar Land, Waco",2016-02-26,2017-07-15
NCT02738151,Efficacy and Safety of Toujeo® Versus Tresiba® in Insulin-Naive Patients With Type 2 Diabetes Mellitus Inadequately Controlled With Oral Antihyperglycemic Drug(s) ± GLP-1 Receptor Agonist,COMPLETED,INTERVENTIONAL,PHASE4,929,Sanofi,"Dallas, Houston, Hurst, Mesquite, Missouri City, San Antonio, Sugar Land, Waco",2016-05-19,2017-08-15
NCT06692153,Embecta AID System in Adults With Type 2 Diabetes,WITHDRAWN,INTERVENTIONAL,NA,0,Embecta Corp.,"Dallas, Irving, Round Rock",2025-01,2026-05
NCT04143802,A Study of LY3437943 in Participants With Type 2 Diabetes Mellitus (T2DM),COMPLETED,INTERVENTIONAL,PHASE1,72,Eli Lilly and Company,San Antonio,2019-12-18,2020-12-28
NCT00401622,Clinical Benefits of a Blood Glucose Monitoring System in Patients With Type 2 Diabetes,COMPLETED,INTERVENTIONAL,NA,320,LifeScan,San Antonio,2006-10-01,2009-01-01
NCT03819153,A Research Study to See How Semaglutide Works Compared to Placebo in People With Type 2 Diabetes and Chronic Kidney Disease,COMPLETED,INTERVENTIONAL,PHASE3,3533,Novo Nordisk A/S,"Austin, Corpus Christi, Dallas, El Paso, Houston, Rockwall, San Antonio, Sugar Land",2019-06-17,2024-01-09
NCT07351045,A Clinical Study to Evaluate the Effects of Enicepatide (RO7795068) in Participants With Obesity or Overweight Without Type 2 Diabetes,RECRUITING,INTERVENTIONAL,PHASE3,2000,Hoffmann-La Roche,"Bellaire, Brownsville, Corpus Christi, Dallas, Houston, McAllen, San Antonio, Southlake",2026-03-16,2028-08-28
NCT00958269,Study to Evaluate Safety and Efficacy of Dutogliptin in Type 2 Diabetes Mellitus Subjects With Moderate and Severe Renal Impairment,TERMINATED,INTERVENTIONAL,PHASE3,360,Phenomix,"Fort Worth, Houston, San Antonio",2009-08,2011-11
NCT01680341,Comparison of the Efficacy and Safety of Two Different Dose Adjustment Regimens for Insulin Degludec/Insulin Aspart in Subjects With Type 2 Diabetes Mellitus Previously Treated With Insulin Glargine,COMPLETED,INTERVENTIONAL,PHASE3,272,Novo Nordisk A/S,"Dallas, Fort Worth",2012-08-31,2013-08-22
NCT03586830,A Study to Evaluate the Safety and Efficacy of JNJ-64565111 in Severely Obese Participants With Type 2 Diabetes Mellitus,COMPLETED,INTERVENTIONAL,PHASE2,196,"Janssen Research & Development, LLC","Dallas, Odessa",2018-06-26,2019-04-05
NCT01435616,A Study in Patients With Type 2 Diabetes Mellitus,COMPLETED,INTERVENTIONAL,PHASE3,1538,Eli Lilly and Company,"Austin, Marshall, Sugar Land",2011-11,2014-01
NCT00997152,Efficacy and Safety Study of JTT-654 in Type 2 Diabetic Patients,TERMINATED,INTERVENTIONAL,PHASE2,152,Akros Pharma Inc.,"Carrollton, Corpus Christi, Dallas, Houston, Katy, San Antonio, Sugar Land",2009-09,2010-04
NCT01408095,A Study in Patients With Type 2 Diabetes,WITHDRAWN,INTERVENTIONAL,PHASE2,240,Eli Lilly and Company,"Dallas, Hurst, Plano, San Antonio",2011-09,2012-09
NCT00865592,Long-term Study to Evaluate the Safety of Dutogliptin/PHX1149T in Subjects With Type 2 Diabetes Mellitus,TERMINATED,INTERVENTIONAL,PHASE3,450,Phenomix,"El Paso, San Antonio",2009-03,2011-03
NCT02104739,Effects of Antidiabetic Medications on the Postprandial State in Prediabetes,COMPLETED,INTERVENTIONAL,PHASE4,21,"The University of Texas Health Science Center, Houston",Houston,2014-04,2017-03
NCT01663207,Characterization of the Variability Of Insulin Secretory Parameters in the Meal Tolerance and the Maximal Stimulation Tests of Subjects With Prediabetes,COMPLETED,OBSERVATIONAL,,20,Foundation for the National Institutes of Health,San Antonio,2012-05,2014-04
NCT00374907,A Study Assessing Saxagliptin Treatment in Subjects With Type 2 Diabetes Who Are Not Controlled With Diet and Exercise,COMPLETED,INTERVENTIONAL,PHASE3,156,AstraZeneca,San Antonio,2006-09,2009-12
NCT01149421,A Study of the Effect of LY2189265 on Blood Pressure and Heart Rate in Type 2 Diabetes,COMPLETED,INTERVENTIONAL,PHASE2,755,Eli Lilly and Company,"Austin, Georgetown, Houston",2010-06,2012-01
NCT02540993,Efficacy and Safety of Finerenone in Subjects With Type 2 Diabetes Mellitus and Diabetic Kidney Disease,COMPLETED,INTERVENTIONAL,PHASE3,5734,Bayer,"Arlington, Corpus Christi, Dallas, El Paso, Houston, Kingwood, McAllen, McKinney, Pearland, Pflugerville, San Antonio, Sugar Land, Waco",2015-09-17,2020-04-14
NCT07518004,ROME GS System Study,RECRUITING,INTERVENTIONAL,NA,60,"Senseonics, Inc.",San Antonio,2026-02-12,2028-12
NCT03136484,Efficacy and Safety of Semaglutide Versus Canagliflozin as add-on to Metformin in Subjects With Type 2 Diabetes,COMPLETED,INTERVENTIONAL,PHASE3,788,Novo Nordisk A/S,"Amarillo, Corpus Christi, Dallas, Houston, Katy, San Antonio, Splendora",2017-03-15,2018-11-16
NCT01432938,A Study of the Effect of Dulaglutide on the Action of Warfarin in Healthy Participants,COMPLETED,INTERVENTIONAL,PHASE1,28,Eli Lilly and Company,Dallas,2011-09,2011-12
NCT06628362,A Study of Enicepatide (CT-388) in Participants Who Are Overweight or Obese With Type 2 Diabetes Mellitus,ACTIVE_NOT_RECRUITING,INTERVENTIONAL,PHASE2,447,"Carmot Therapeutics, Inc.","Austin, Dallas, Houston, Shavano Park, Stephenville",2024-11-21,2026-09-24
NCT00799435,Evaluating the Use of Exenatide in People With Type 2 Diabetes and Diastolic Heart Failure,TERMINATED,INTERVENTIONAL,PHASE4,2,Baylor College of Medicine,Houston,2009-07,2012-04
NCT02488785,Impact of a Virtual Diabetes Self-Care and Education Program on Diabetes-related Outcomes in Latinos With T2 Diabetes,COMPLETED,INTERVENTIONAL,NA,96,Joslin Diabetes Center,Edinburg,2015-06,2017-11-30
NCT04083339,Safety and Efficacy of AT-001 in Patients With Diabetic Cardiomyopathy,ACTIVE_NOT_RECRUITING,INTERVENTIONAL,PHASE3,675,"Applied Therapeutics, Inc.","Dallas, Houston, Lampasas",2019-09-20,2025-12
NCT04831775,Cognitive Training for Diabetes Self-Management,COMPLETED,INTERVENTIONAL,NA,95,University of Texas at Austin,Austin,2021-11-01,2024-02-28
NCT04628481,A Study of Oral Ladarixin in Recent Onset Type 1 Diabetes and a Low Residual β-cell Function,TERMINATED,INTERVENTIONAL,PHASE2,141,Dompé Farmaceutici S.p.A,"Fort Worth, Houston",2021-01-12,2025-10-21
NCT07232719,A Study of Retatrutide (LY3437943) in Participants With Obesity or Overweight,ACTIVE_NOT_RECRUITING,INTERVENTIONAL,PHASE3,250,Eli Lilly and Company,"Dallas, El Paso, Euless, Fort Worth, Houston, San Antonio",2025-11-17,2027-07
NCT03434119,Efficacy and Safety of Soliqua Versus Lantus in Ethnically/Racially Diverse Patients With Type 2 Diabetes Mellitus Inadequately Controlled on Basal Insulin and Oral Antidiabetic Agents,TERMINATED,INTERVENTIONAL,PHASE3,241,Sanofi,"Dallas, Fort Worth, Houston, Humble, Kerrville, Lufkin, San Antonio, Splendora, Spring, Sugar Land, Webster",2018-02-20,2019-01-07
NCT01658501,"Phase 2b Multicenter, Randomized, Double-Blind, Placebo- and Active-Controlled, Parallel-Group Study to Assess the PD Response and Safety of Three Dose Levels of (PB1023) Injection Following 20 Weeks of Weekly SC Dosing in Adults With T2DM",COMPLETED,INTERVENTIONAL,PHASE2,593,PhaseBio Pharmaceuticals Inc.,"Austin, Corpus Christi, Dallas, Houston, Hurst, Katy",2012-07,2013-07
NCT00929539,Safety and Efficacy Study of JTT-130 in Obese Type 2 Diabetic Patients,COMPLETED,INTERVENTIONAL,PHASE2,496,Akros Pharma Inc.,"Austin, Corpus Christi, Dallas, Houston, San Antonio",2009-06,2010-07
NCT00801164,Exploratory Study of Iocide Oral Rinse in a Diabetic Population,COMPLETED,INTERVENTIONAL,PHASE1,30,Biomedical Development Corporation,San Antonio,2008-12,2010-06
NCT01201928,"Pulmonary Function Substudy for Subjects Enrolled in Studies MKC-TI-161, MKC-TI-162 or MKC-TI-166",TERMINATED,OBSERVATIONAL,,3,Mannkind Corporation,"Arlington, Dallas, San Antonio",2010-10,2012-03
NCT03770728,Efficacy and Safety of Efpeglenatide Versus Placebo in Patients With Type 2 Diabetes Mellitus Inadequately Controlled With Metformin Alone or in Combination With Sulfonylurea,TERMINATED,INTERVENTIONAL,PHASE3,312,Sanofi,"Dallas, San Antonio",2019-08-01,2020-12-27
NCT00736099,Safety and Efficacy of Linagliptin (BI 1356) as Monotherapy or in Combination in Type 2 DM,COMPLETED,INTERVENTIONAL,PHASE3,2122,Boehringer Ingelheim,"Dallas, Houston, San Antonio",2008-08,
NCT01191268,A Study in Participants With Type 2 Diabetes Mellitus (AWARD-4),COMPLETED,INTERVENTIONAL,PHASE3,884,Eli Lilly and Company,"Austin, Dallas",2010-11,2012-09
NCT00111540,Study to Examine the Effect on Glucose Control and Safety/Tolerability of Exenatide Given Two Times a Day to Subjects With Type 2 Diabetes,COMPLETED,INTERVENTIONAL,PHASE3,456,AstraZeneca,"Dallas, Houston, Midland, San Antonio",2002-11,2006-09
NCT01676220,Comparison of a New Formulation of Insulin Glargine With Lantus in Patients With Type 2 Diabetes on Non-insulin Antidiabetic Therapy,COMPLETED,INTERVENTIONAL,PHASE3,878,Sanofi,"Corpus Christi, Dallas, Edinburg, Houston, Pearland, San Antonio",2012-08,2014-03
NCT07030868,A Study of LY3549492 in Adults With Obesity or Overweight With Type 2 Diabetes,TERMINATED,INTERVENTIONAL,PHASE2,1,Eli Lilly and Company,"Austin, Dallas, Houston, San Antonio, Weslaco",2025-06-19,2025-07-29
NCT02054897,Efficacy and Safety of Semaglutide Once-weekly Versus Placebo in Drug-naïve Subjects With Type 2 Diabetes,COMPLETED,INTERVENTIONAL,PHASE3,388,Novo Nordisk A/S,"Dallas, Sealy, Sugar Land",2014-02-03,2015-05-08
NCT06604871,Safety Evaluation of MiniMed™ 780G System With DS5 CGM in Children,COMPLETED,INTERVENTIONAL,NA,56,"Medtronic MiniMed, Inc.",Houston,2024-10-29,2025-09-26
NCT02984644,Paradoxical Stimulation of Hepatic Glucose Production With Dapagliflozin,COMPLETED,INTERVENTIONAL,PHASE3,30,The University of Texas Health Science Center at San Antonio,San Antonio,2017-09-06,2019-11-16
NCT00403481,An Examination of the Blood Pressure Lowering Ability and Safety of Olmesartan Medoxomil in Patients With Type II Diabetes,COMPLETED,INTERVENTIONAL,PHASE4,192,Daiichi Sankyo,"Colleyville, Corpus Christi, Richardson",2006-11,2007-12
NCT02660736,Bioequivalence Study of Two Albiglutide Drug Products in Healthy Adult Subjects,COMPLETED,INTERVENTIONAL,PHASE1,59,GlaxoSmithKline,Austin,2016-02,2016-08
NCT02302716,A Study of LY2963016 Compared to LANTUS® in Adult Participants With Type 2 Diabetes Mellitus,COMPLETED,INTERVENTIONAL,PHASE3,493,Eli Lilly and Company,Dallas,2014-12,2016-07
NCT00790699,Safety Study of Using Symlin Alongside Insulin in a Multiple Injection Port,TERMINATED,INTERVENTIONAL,NA,31,"Texas Diabetes & Endocrinology, P.A.",Austin,2009-08,2011-11
NCT07296484,Trial Against INtractable Type 2 Diabetes (CAPTAIN-T2D),RECRUITING,INTERVENTIONAL,PHASE2,1500,Sparrow Pharmaceuticals,"Austin, Dallas, Houston, Lampasas, Lewisville, Mission, Round Rock, San Antonio, Seabrook, Weslaco",2025-11-29,2028-06-30
NCT07564414,A Research Study to Look at How Two Different Doses of CagriSema and One Dose of Semaglutide Help People Living With Obesity With or Without Type 2 Diabetes Lose Weight,RECRUITING,INTERVENTIONAL,PHASE3,2500,Novo Nordisk A/S,"Amarillo, Austin, Dallas, Euless, Houston, Katy, Kerrville, Lampasas, Laredo, Longview, McAllen, San Antonio, Shavano Park, Sugar Land",2026-05-21,2028-04-19
NCT02692716,A Trial Investigating the Cardiovascular Safety of Oral Semaglutide in Subjects With Type 2 Diabetes,COMPLETED,INTERVENTIONAL,PHASE3,3183,Novo Nordisk A/S,"Arlington, Austin, Dallas, Hurst, Midland, Round Rock, San Antonio, Waco",2017-01-17,2018-09-25
NCT00611884,"Comparison of Two NN1250 Formulations Versus Insulin Glargine, All in Combination With Metformin in Subjects With Type 2 Diabetes",COMPLETED,INTERVENTIONAL,PHASE2,245,Novo Nordisk A/S,"Dallas, San Antonio",2008-01,2008-08
NCT03211858,Comparison of SAR341402 to NovoLog/NovoRapid in Adult Patients With Diabetes Mellitus Also Using Insulin Glargine,COMPLETED,INTERVENTIONAL,PHASE3,597,Sanofi,"Austin, Dallas, Houston, Mesquite",2017-08-02,2019-01-12
NCT02827708,Efficacy and Safety of Oral Semaglutide Versus Placebo in Subjects With Type 2 Diabetes and Moderate Renal Impairment,COMPLETED,INTERVENTIONAL,PHASE3,324,Novo Nordisk A/S,"Amarillo, Dallas, Houston, Midland, San Antonio",2016-09-20,2018-05-15
NCT00976391,A Study to Determine the Safety and Efficacy of Albiglutide Administered in Combination With Insulin Glargine,COMPLETED,INTERVENTIONAL,PHASE3,586,GlaxoSmithKline,"Arlington, Bedford, Corpus Christi, Dallas, El Paso, Houston, Katy, Lake Jackson, Midland, North Richland Hills, San Antonio, Schertz, Sugar Land, Temple",2009-09,2012-05
NCT04595968,Electrical Vestibular Nerve Stimulation (VeNS) Compared to Sham Control As a Means of Improving Glycemic Control in Adults with Type 2 Diabetes Mellitus,COMPLETED,INTERVENTIONAL,NA,267,Neurovalens Ltd.,McAllen,2021-05-21,2024-08-06
NCT03205150,Effect of LIK066 on Reduction of Fatty Content in Livers of Obese Patients,COMPLETED,INTERVENTIONAL,PHASE2,107,Novartis Pharmaceuticals,Live Oak,2017-10-04,2019-11-14
NCT01101568,A Study to Investigate the Interaction of GSK1292263 With Rosuvastatin and Simvastatin in Healthy Subjects,COMPLETED,INTERVENTIONAL,PHASE1,28,GlaxoSmithKline,Austin,2010-04-14,2010-06-24
NCT00326326,"Effect of CP-778,875 on HDL-C in Subjects With Abnormal Lipid Levels and Type 2 Diabetes.",COMPLETED,INTERVENTIONAL,PHASE2,84,Pfizer,"Bryan, Houston, San Antonio",2006-07,2007-06
NCT00290940,"Evaluation of Glucose Lowering Effect, Safety and Tolerability of CS-917",COMPLETED,INTERVENTIONAL,PHASE2,400,Daiichi Sankyo,"Corpus Christi, Houston, Lake Jackson, North Richland Hills, San Antonio",2006-01,2007-04
NCT00521378,"A Single-Blind, Placebo-Controlled, Dose-Ranging Trial of Oral HDV-Insulin in Patients With Type 2 Diabetes Mellitus",COMPLETED,OBSERVATIONAL,,6,Diasome Pharmaceuticals,San Antonio,2007-09-17,2007-10-06
NCT07392190,A Study of Eloralintide (LY3841136) in Participants With Persistent Obesity Who Are Treated With a Weekly Incretin,RECRUITING,INTERVENTIONAL,PHASE3,900,Eli Lilly and Company,"Dallas, Houston, Kingwood, Mission, Missouri City, San Antonio, Shavano Park, Weslaco, Wylie",2026-02-10,2028-07
NCT02299050,Effect of Cycloset on Glycemic Control When Added to Glucagon-like Peptide 1 (GLP-1) Analogue Therapy,COMPLETED,INTERVENTIONAL,PHASE4,23,The University of Texas Health Science Center at San Antonio,San Antonio,2014-06,2018-04-30
NCT01809327,"A Study to Evaluate the Effectiveness, Safety, and Tolerability of Canagliflozin in Combination With Metformin in the Treatment of Patients With Type 2 Diabetes Mellitus With Inadequate Glycemic Control With Diet and Exercise",COMPLETED,INTERVENTIONAL,PHASE3,1186,"Janssen Research & Development, LLC","Austin, Bellaire, Dallas, Houston, Pearland, Plano",2013-06-04,2014-12-02
NCT06062069,A Study of CT-868 in Type 1 Diabetes Mellitus,COMPLETED,INTERVENTIONAL,PHASE2,111,"Carmot Therapeutics, Inc.","Austin, Dallas, San Antonio, Shavano Park, Weslaco",2023-10-19,2025-07-09
NCT00121641,Saxagliptin Treatment in Subjects With Type 2 Diabetes Who Are Not Controlled With Diet and Exercise,COMPLETED,INTERVENTIONAL,PHASE3,1035,AstraZeneca,"Bryan, Dallas, Fort Worth, Houston, San Antonio, Temple, Texarkana, The Colony",2005-07,2010-02
NCT02361437,Safety and Efficacy of Vasculera® in the Healing of Diabetic Skin Ulcers,WITHDRAWN,INTERVENTIONAL,NA,0,Primus Pharmaceuticals,San Antonio,2015-02,2015-10
NCT02040337,Sequencing T-cells in Type I Diabetes Mellitus,COMPLETED,OBSERVATIONAL,,40,Seton Healthcare Family,Austin,2014-04,2017-12-13
NCT01081834,The CANTATA-M (CANagliflozin Treatment and Trial Analysis - Monotherapy) Trial,COMPLETED,INTERVENTIONAL,PHASE3,678,"Janssen Research & Development, LLC","Dallas, Houston, San Antonio",2010-03,2012-03
NCT07667803,A Master Protocol to Investigate Efficacy and Safety of Elecoglipron in Participants With Obesity or Overweight With or Without T2DM,RECRUITING,INTERVENTIONAL,PHASE3,4500,AstraZeneca,"Dallas, Houston, Humble, Irving",2026-06-29,2029-07-30
NCT05161429,BESTMED: Observational Evaluation of Second Line Therapy Medications in Diabetes,UNKNOWN,OBSERVATIONAL,,550000,Brigham and Women's Hospital,Dallas,2021-07-01,2024-06-30
NCT00286442,Efficacy and Safety of Alogliptin Combined With Metformin in Participants With Type 2 Diabetes Mellitus,COMPLETED,INTERVENTIONAL,PHASE3,527,Takeda,"Corpus Christi, Dallas, San Antonio, Texarkana",2006-03,2007-06
NCT04305054,Substudy 02B: Safety and Efficacy of Pembrolizumab in Combination With Investigational Agents or Pembrolizumab Alone in Participants With First Line (1L) Advanced Melanoma (MK-3475-02B/KEYMAKER-U02),COMPLETED,INTERVENTIONAL,"PHASE1, PHASE2",335,Merck Sharp & Dohme LLC,San Antonio,2020-07-01,2026-05-18
NCT00643851,An Efficacy & Safety Study of BMS-512148 in Combination With Metformin Extended Release Tablets,COMPLETED,INTERVENTIONAL,PHASE3,994,AstraZeneca,"Houston, Midland, New Braunfels, Pearland, San Antonio",2008-06,2009-08
NCT00736879,Safety and Efficacy of Dapagliflozin as Monotherapy in Subjects With Type 2 Diabetes,COMPLETED,INTERVENTIONAL,PHASE3,497,AstraZeneca,San Antonio,2008-09-22,2009-12-29
NCT01106690,The CANTATA-MP Trial (CANagliflozin Treatment and Trial Analysis - Metformin and Pioglitazone),COMPLETED,INTERVENTIONAL,PHASE3,344,"Janssen Research & Development, LLC","Arlington, Dallas, Grand Prairie, Houston, New Braunfels, San Antonio",2010-06,2012-07
NCT00162305,"A Phase IIA Study of BMS-512148 to Assess Safety, Exposure, and Biological Effects in Stable Type 2 Diabetic Subjects",COMPLETED,INTERVENTIONAL,PHASE2,47,AstraZeneca,San Antonio,2005-04,2005-08
NCT01942694,Vitamin D and Type 2 Diabetes Study,COMPLETED,INTERVENTIONAL,NA,2423,Tufts Medical Center,"Dallas, Houston",2013-10,2018-11
NCT00494013,Comparison of Two Basal Insulins for Patients With Type 2 Diabetes (IOOY),COMPLETED,INTERVENTIONAL,PHASE3,442,Eli Lilly and Company,Grand Prairie,2007-08,2008-09
NCT00044694,Evaluation of the Effect on Glucose Control and the Safety and Tolerability of AC2993 in Patients With Type 2 Diabetes Mellitus,COMPLETED,INTERVENTIONAL,PHASE2,156,AstraZeneca,"Benbrook, DeSoto, Houston, Midland",2002-08,2003-05
NCT01147861,"A Phase 1 Study to Evaluate the Effect of GSK256073, an HM74A Receptor Agonist, on Glucose and NEFA Levels in Type 2 Diabetics",COMPLETED,INTERVENTIONAL,PHASE1,39,GlaxoSmithKline,San Antonio,2010-07-01,2010-09-07
NCT01106651,A Safety and Efficacy Study of Canagliflozin in Older Patients (55 to 80 Years of Age) With Type 2 Diabetes Mellitus,COMPLETED,INTERVENTIONAL,PHASE3,716,"Janssen Research & Development, LLC","Carrollton, Dallas, Irving, Plano, Richardson",2010-06,2013-05
NCT03168295,PROTOCOL 3: Role of the Renal Nerves in the Increase in EGP in Response to Glucosuria,COMPLETED,INTERVENTIONAL,PHASE4,34,The University of Texas Health Science Center at San Antonio,San Antonio,2016-10,2019-05-15
NCT00744237,Study of the Glycemic Effects of Nebivolol Compared With Metoprolol and HCTZ in Diabetic Hypertensive Patients,COMPLETED,INTERVENTIONAL,PHASE4,231,Forest Laboratories,"Corpus Christi, Dallas, Hurst",2008-08,
NCT06945419,"A Study of LY4086940 in Healthy Participants and Participants With Overweight or Obesity, With or Without Type 2 Diabetes",ACTIVE_NOT_RECRUITING,INTERVENTIONAL,PHASE1,216,Eli Lilly and Company,"Dallas, San Antonio",2025-04-23,2026-08
NCT06858839,Evaluation of Maridebart Cafraglutide in Adult Participants Without Type 2 Diabetes Mellitus Who Have Obesity or Are Overweight,ACTIVE_NOT_RECRUITING,INTERVENTIONAL,PHASE3,3853,Amgen,"Austin, Dallas, DeSoto, El Paso, Euless, Houston, Mesquite, Pharr, San Antonio, Sugar Land",2025-03-12,2027-04-16
NCT00708175,Efficacy of Pioglitazone on Bone Metabolism in Postmenopausal Women With Impaired Fasting Glucose.,COMPLETED,INTERVENTIONAL,PHASE4,156,Takeda,"Denton, Houston",2008-05,2011-02
NCT04660643,A Study of Tirzepatide (LY3298176) in Participants With Obesity or Overweight for the Maintenance of Weight Loss,COMPLETED,INTERVENTIONAL,PHASE3,783,Eli Lilly and Company,"Bellaire, Dallas, Houston, North Richland Hills, San Antonio, Tomball",2021-03-29,2023-05-18
NCT01066715,Safety and Efficacy of XOMA 052 in Subjects With Type 2 Diabetes Mellitus on Stable Metformin Monotherapy,COMPLETED,INTERVENTIONAL,PHASE2,421,XOMA (US) LLC,"Arlington, Austin, Houston, San Antonio",2010-01,2011-07
NCT04657016,A Study of Tirzepatide (LY3298176) In Participants After A Lifestyle Weight Loss Program,COMPLETED,INTERVENTIONAL,PHASE3,579,Eli Lilly and Company,"Dallas, Houston, Mesquite, Round Rock, Shavano Park",2021-03-29,2023-05-12
NCT00955747,Naturlose (D-Tagatose) Efficacy Evaluation Trial,COMPLETED,INTERVENTIONAL,PHASE3,494,Robert Lodder,"Austin, Boerne, Dallas, Houston, San Antonio",2007-04,2010-10
NCT05856149,Mobile Diabetes Prevention for Hispanics Living in Rural Areas,COMPLETED,INTERVENTIONAL,NA,179,"ISA Associates, Inc.",Alice,2023-04-19,2025-01-31
NCT01494987,Ranolazine When Added to Glimepiride in Subjects With Type 2 Diabetes Mellitus,COMPLETED,INTERVENTIONAL,PHASE3,431,Gilead Sciences,"Dallas, Houston, Humble, San Antonio",2012-01,2013-08
NCT01076647,Comparison of NN1250 With Insulin Glargine in Subjects With Type 2 Diabetes,COMPLETED,INTERVENTIONAL,PHASE3,467,Novo Nordisk A/S,"Arlington, Dallas, Houston, Round Rock",2010-03,2010-12
NCT00754988,A Study of Taspoglutide Versus Sitagliptin for the Treatment of Patients With Type 2 Diabetes Mellitus Inadequately Controlled With Metformin.,COMPLETED,INTERVENTIONAL,PHASE3,666,Hoffmann-La Roche,"Dallas, Houston",2008-10,2011-03
NCT01069965,Safety and Efficacy of BGP-15 in Patients With Type 2 Diabetes Mellitus,TERMINATED,INTERVENTIONAL,PHASE2,196,"N-Gene Research Laboratories, Inc.","Houston, Katy, San Antonio",2010-10,2011-10
NCT00642278,"An Efficacy, Safety, and Tolerability Study of Canagliflozin (JNJ-28431754) in Patients With Type 2 Diabetes",COMPLETED,INTERVENTIONAL,PHASE2,451,"Johnson & Johnson Pharmaceutical Research & Development, L.L.C.","Dallas, Houston, New Braunfels, Odessa, San Antonio",2008-04,2009-01
NCT02461589,Dose-finding of Semaglutide Administered Subcutaneously Once Daily Versus Placebo and Liraglutide in Subjects With Type 2 Diabetes,COMPLETED,INTERVENTIONAL,PHASE2,706,Novo Nordisk A/S,"Arlington, Austin, Carrollton, Dallas, Houston, Missouri City, New Braunfels, San Antonio, Sugar Land, Waco",2015-09-21,2016-10-13
NCT07215559,"A Study of Macupatide (LY3532226) and Eloralintide (LY3841136), Alone or in Combination, in Adults With Obesity or Overweight and With Type 2 Diabetes",RECRUITING,INTERVENTIONAL,PHASE2,200,Eli Lilly and Company,"Dallas, Houston, Richmond, Shavano Park, Weslaco",2025-10-16,2027-05
NCT01966978,"The Effect of Simple Basal Insulin Titration, Metformin Plus Liraglutide for Type 2 Diabetes With Very Elevated HbA1c - The SIMPLE Study",COMPLETED,INTERVENTIONAL,PHASE4,157,University of Texas Southwestern Medical Center,Dallas,2014-11,2017-12
NCT00214591,GALLANT 5 Tesaglitazar Versus Metformin,TERMINATED,INTERVENTIONAL,PHASE3,580,AstraZeneca,"Corpus Christi, Dallas, Lubbock, San Antonio",2004-08,2006-12
NCT01128374,The Effect of Non-Surgical Periodontal Therapy on Glycemic Control and Bacterial Levels in a Mexican-American Population With Type 2 Diabetes,COMPLETED,INTERVENTIONAL,NA,134,"The University of Texas Health Science Center, Houston",Houston,2010-06,2012-12
NCT00733577,A Study to Test How SB756050 Affects Subjects With Type 2 Diabetes Mellitus After 6 Days of Dosing.,COMPLETED,INTERVENTIONAL,PHASE1,48,GlaxoSmithKline,San Antonio,2008-08-11,2009-03-03
NCT00600067,A VI-0521 Study to Evaluate the Long-term Safety and Efficacy in Type 2 Diabetic Adults,COMPLETED,INTERVENTIONAL,PHASE2,130,VIVUS LLC,"Austin, San Antonio",2008-01,2008-11
NCT03086330,Efficacy and Safety of Semaglutide Once-weekly Versus Placebo as add-on to SGLT-2i in Subjects With Type 2 Diabetes Mellitus,COMPLETED,INTERVENTIONAL,PHASE3,302,Novo Nordisk A/S,"Arlington, Austin, Dallas, Houston, Irving, Shavano Park, Sugar Land, Victoria",2017-03-15,2018-08-06
NCT00698230,Safety and Efficacy of INCB013739 Plus Metformin Compared to Metformin Alone on Glycemic Control in Type 2 Diabetics,COMPLETED,INTERVENTIONAL,PHASE2,302,Incyte Corporation,"Austin, Dallas, Georgetown, Houston, Midland, North Richland Hills, San Antonio, Temple, Waco",2008-05,2009-05
NCT00871507,"A Study to Evaluate the Safety, Tolerability, Pharmacokinetics (Explores What the Body Does to the Drug), and Pharmacodynamics (Explores What a Drug Does to the Body) of JNJ-38431055 in Volunteers With Type 2 Diabetes Mellitus",COMPLETED,INTERVENTIONAL,PHASE1,25,"Johnson & Johnson Pharmaceutical Research & Development, L.L.C.",San Antonio,2009-04,2009-07
NCT06489340,P2a Open Label Study to Evaluate 2-HPβCD in Subjects With Diabetic Kidney Disease,WITHDRAWN,INTERVENTIONAL,PHASE2,0,"ZyVersa Therapeutics, Inc.",San Antonio,2025-06-11,2026-08-11
NCT04702490,Study to Evaluate MET409 Alone or in Combination With Empagliflozin in Patients With Type 2 Diabetes and NASH,UNKNOWN,INTERVENTIONAL,PHASE2,120,"Metacrine, Inc.",San Antonio,2020-12-15,2022-06
NCT01663220,Characterization of the Variability of Insulin Secretory Parameters in the Meal Tolerance and the Maximal Stimulation Tests of Subjects With Type 2 Diabetes Mellitus,COMPLETED,OBSERVATIONAL,,20,Foundation for the National Institutes of Health,San Antonio,2012-05,2013-02
NCT01364350,TODAY2 Phase 1 Immediate Post-Intervention Observational Follow-up Study,COMPLETED,OBSERVATIONAL,,550,National Institute of Diabetes and Digestive and Kidney Diseases (NIDDK),"Houston, San Antonio",2011-03,2014-02
NCT00473525,12 Week Study Of PF-00734200 For The Treatment Of Type 2 Diabetes Mellitus In Subjects Treated With Metformin,COMPLETED,INTERVENTIONAL,PHASE2,303,Pfizer,"Dallas, Houston, Irving, San Antonio",2007-07,2008-06
NCT04791787,Effect of Ketogenic Diet on Glucose Metabolism and Energy Expenditure in Type 2 Diabetes,COMPLETED,INTERVENTIONAL,NA,35,The University of Texas Health Science Center at San Antonio,San Antonio,2020-11-25,2023-04-25
NCT05786521,"Effect of GLP1 Receptor Agonists on Physical Function, Body Composition, and Markers of Aging in Older Adults",COMPLETED,INTERVENTIONAL,PHASE4,20,The University of Texas Health Science Center at San Antonio,San Antonio,2023-04-01,2024-05-20
NCT01356849,Evaluate the Efficacy and Safety of Once Daily Administration of Atrasentan Tablets (Low and High) Compared to Placebo in Reducing Residual Albuminuria in Type 2 Diabetic Patients With Nephropathy Who Are Treated With the Maximum Tolerated Labeled Dose of a Renin Angiotensin System (RAS) Inhibitor,COMPLETED,INTERVENTIONAL,PHASE2,149,"AbbVie (prior sponsor, Abbott)","Greenville, Houston, Mission, San Antonio",2011-04,2012-08
NCT01165684,"Efficacy and Safety of Basal-bolus Therapy, Comparing Stepwise Addition of Insulin Aspart Versus Complete Basal-bolus Regimen",COMPLETED,INTERVENTIONAL,PHASE4,401,Novo Nordisk A/S,Dallas,2010-10,2012-04
NCT03566693,Type 2 Diabetes (T2D) Basal Insulin Users: The Mobile Study (MOBILE),COMPLETED,INTERVENTIONAL,NA,176,"DexCom, Inc.",Amarillo,2018-07-30,2021-01-04
NCT02330549,ORION: Effects of Cenicriviroc on Insulin Sensitivity in Subjects With Prediabetes or Type 2 Diabetes Mellitus (T2DM) and Suspected NAFLD,COMPLETED,INTERVENTIONAL,PHASE2,45,"Tobira Therapeutics, Inc.","Fort Sam Houston, San Antonio",2015-07-17,2016-09-08
NCT01006889,Adding Exenatide to Insulin Therapy for Patients With Type 2 Diabetes and Non-Alcoholic Fatty Liver Disease,COMPLETED,INTERVENTIONAL,PHASE4,24,University of Florida,San Antonio,2008-01,2010-02
NCT01232491,Impact of Dietary Intervention on Weight Change in Subjects With Type 2 Diabetes,COMPLETED,INTERVENTIONAL,PHASE4,611,Novo Nordisk A/S,"Dallas, Odessa, Plano",2010-10-29,2011-11-14
NCT06858878,Efficacy and Safety of Maridebart Cafraglutide in Adult Participants With Type 2 Diabetes Mellitus Who Have Obesity or Are Overweight,ACTIVE_NOT_RECRUITING,INTERVENTIONAL,PHASE3,1105,Amgen,"Austin, Corpus Christi, Dallas, Denison, Euless, Houston, McKinney, San Antonio",2025-03-17,2027-04-16
NCT00139763,US Inhaled Insulin Therapeutic Choice Questionnaire Study,COMPLETED,INTERVENTIONAL,PHASE3,740,Pfizer,"Arlington, Dallas, Madisonville, San Antonio",2005-07,2006-03
NCT01594333,Cardiovascular Inflammation Reduction Trial,COMPLETED,INTERVENTIONAL,PHASE3,4786,Brigham and Women's Hospital,"Austin, Beaumont, Big Spring, Carrollton, Dallas, DeSoto, Fort Worth, Haltom City, Houston, Katy, Killeen, Kingwood, Marshall, McAllen, Mineral Wells, Mission, North Richland Hills, Palestine, Port Arthur, San Antonio, Sugar Land, Tomball, Waco",2013-04,2019-10-30
NCT00979628,Basal Bolus Versus Basal Insulin in Type 2 Diabetes Mellitus (T2DM),COMPLETED,INTERVENTIONAL,PHASE4,375,"Guillermo Umpierrez, MD",Temple,2010-01,2012-06
NCT00961909,A Study of RO5095932 in Patients With Type 2 Diabetes Mellitus,COMPLETED,INTERVENTIONAL,PHASE1,122,Hoffmann-La Roche,San Antonio,2009-06,2010-10
NCT01396187,Safety and Tolerability of Ascending Intravenous Doses of PF-05231023 In Adult Subjects With Type 2 Diabetes,COMPLETED,INTERVENTIONAL,PHASE1,50,Pfizer,San Antonio,2011-07,2012-05
NCT06045221,A Study of Orforglipron (LY3502970) Compared With Semaglutide in Participants With Type 2 Diabetes Inadequately Controlled With Metformin,COMPLETED,INTERVENTIONAL,PHASE3,1698,Eli Lilly and Company,"Austin, Dallas, Fort Worth, Houston, Mesquite, Weslaco",2023-09-22,2025-08-22
NCT01869959,A Study of LY2405319 in Participants With Type 2 Diabetes,COMPLETED,INTERVENTIONAL,PHASE1,47,Eli Lilly and Company,San Antonio,2009-04,2009-12
NCT05803421,A Study of Daily Oral Orforglipron (LY3502970) Compared With Insulin Glargine in Participants With Type 2 Diabetes and Obesity or Overweight at Increased Cardiovascular Risk,COMPLETED,INTERVENTIONAL,PHASE3,2749,Eli Lilly and Company,"Austin, Corpus Christi, Dallas, Denison, Forney, Fort Worth, Houston, McAllen, Mesquite, Round Rock, San Antonio, Shavano Park, Sherman, Tomball, Weslaco, Wylie",2023-04-03,2026-03-16
NCT00494663,A Phase 2b Study of DIO-902 or DIO-902 Placebo in Addition to Metformin and Atorvastatin or Atorvastatin Placebo for Type 2 Diabetes,TERMINATED,INTERVENTIONAL,PHASE2,200,DiObex,"Austin, San Antonio",2007-07,2008-12
NCT01196104,Clinical Trial Evaluating the Efficacy and Safety of Technosphere® Inhalation Insulin (TI) Inhalation Powder Using the Gen2 Inhaler,TERMINATED,INTERVENTIONAL,PHASE3,39,Mannkind Corporation,"Dallas, San Antonio",2010-09,2012-03
NCT01555164,A Phase 3 Study of Ranolazine in Subjects With Type 2 Diabetes Who Are Inadequately Controlled on Metformin Alone,COMPLETED,INTERVENTIONAL,PHASE3,442,Gilead Sciences,"Corpus Christi, Dallas, Houston, Katy, Schertz, Sugarland",2012-06,2013-10
NCT01272232,Effect of Liraglutide on Body Weight in Overweight or Obese Subjects With Type 2 Diabetes: SCALE™ - Diabetes,COMPLETED,INTERVENTIONAL,PHASE3,846,Novo Nordisk A/S,"Austin, Dallas, San Antonio",2011-06-01,2013-01-25
NCT01163721,Exploratory Study to Access the Metabolic Effects of Ranolazine in Subjects With Type 2 Diabetes Mellitus When Added to Ongoing Non-insulin Antidiabetic Therapy,COMPLETED,INTERVENTIONAL,PHASE2,80,Gilead Sciences,San Antonio,2010-06,2010-11
NCT01730534,Multicenter Trial to Evaluate the Effect of Dapagliflozin on the Incidence of Cardiovascular Events,COMPLETED,INTERVENTIONAL,PHASE3,17190,AstraZeneca,"Arlington, Carrollton, Dallas, Fort Worth, Georgetown, Houston, Irving, Katy, Kingwood, McAllen, Midland, Odessa, Plano, San Antonio, Tomball, Tyler",2013-04-25,2018-09-11
NCT05035082,A Research Study Comparing RYBELSUS® to Other Blood Sugar Lowering Tablets in People Living in America With Type 2 Diabetes (REALYSE),COMPLETED,INTERVENTIONAL,PHASE4,1020,Novo Nordisk A/S,"Dallas, New Braunfels, San Antonio",2021-09-01,2025-06-18
NCT02638805,Study of the Safety and Tolerability of Switching to ITCA 650 in Patients With Type 2 Diabetes Receiving Liraglutide,COMPLETED,INTERVENTIONAL,PHASE3,136,Intarcia Therapeutics,"Corpus Christi, Dallas, Houston, Kerrville, San Antonio",2015-12,2017-10
NCT00849056,Safety and Efficacy of Albiglutide in Type 2 Diabetes,COMPLETED,INTERVENTIONAL,PHASE3,310,GlaxoSmithKline,"Arlington, Bedford, Cleburne, Corpus Christi, Dallas, Deer Park, El Paso, Fort Worth, Houston, Hurst, Katy, Lake Jackson, Lewisville, Midland, North Richland Hills, Odessa, San Antonio, Schertz, Sugar Land, Sugarland",2009-01,2013-01
NCT02229227,Safety and Efficacy of Albiglutide + Insulin Glargine Versus Insulin Lispro + Insulin Glargine Subjects With Type 2 Diabetes Mellitus,COMPLETED,INTERVENTIONAL,PHASE3,814,GlaxoSmithKline,"Austin, Dallas, Houston, Pharr, Round Rock, Sugar Land",2014-11-21,2017-07-24
NCT00935220,Pharmacokinetics and Pharmacodynamics Trial With Linagliptin (BI 1356) 5mg in African American Type 2 Diabetic Patients,COMPLETED,INTERVENTIONAL,PHASE1,41,Boehringer Ingelheim,Dallas,2009-06,
NCT07282613,A Research Study to See How Much CagriSema Lowers Blood Sugar and Body Weight Compared to Placebo in Children and Adolescents With Type 2 Diabetes,NOT_YET_RECRUITING,INTERVENTIONAL,PHASE3,80,Novo Nordisk A/S,"Houston, Shavano Park",2026-08-04,2030-03-30
NCT00972283,Comparison of NN1250 With Insulin Glargine Plus Insulin Aspart With/Without Metformin and With/Without Pioglitazone in Type 2 Diabetes,COMPLETED,INTERVENTIONAL,PHASE3,1006,Novo Nordisk A/S,"Corpus Christi, Dallas, Fort Worth, Houston, Round Rock",2009-09-01,2010-10-28
NCT05134662,ALT-801 in Overweight and Obese Subjects With Type 2 Diabetes Mellitus (T2DM),COMPLETED,INTERVENTIONAL,PHASE1,55,"Altimmune, Inc.","San Antonio, Tomball",2022-02-01,2023-03-09
NCT02020616,A Study of the Safety and Effectiveness of LY3053102 in Participants With Type 2 Diabetes,TERMINATED,INTERVENTIONAL,"PHASE1, PHASE2",60,Eli Lilly and Company,Dallas,2013-12,2015-02
NCT01676116,The Efficacy of Insulin Degludec/Liraglutide in Controlling Glycaemia in Adults With Type 2 Diabetes Inadequately Controlled on GLP-1 Receptor Agonist and OAD Therapy,COMPLETED,INTERVENTIONAL,PHASE3,438,Novo Nordisk A/S,"Arlington, Austin, Dallas, Fort Worth, Houston, Plano, Round Rock, San Antonio, Schertz, Sugar Land",2012-08-29,2014-03-11
NCT04760626,"A Research Study to Compare a New Weekly Insulin, Insulin Icodec Used With DoseGuide App, and Daily Insulins in People With Type 2 Diabetes Who Have Not Used Insulin Before",COMPLETED,INTERVENTIONAL,PHASE3,1085,Novo Nordisk A/S,"Amarillo, Austin, Dallas, Houston, Hurst, Katy, Lampasas, Laredo, Round Rock, San Antonio, Sugar Land, The Woodlands",2021-03-01,2022-08-29
NCT00143104,"To Examine the Lung When People With Diabetes Take an Inhaled Form of Insulin, Compared to Subcutaneous Insulin.",COMPLETED,INTERVENTIONAL,PHASE2,20,Pfizer,San Antonio,2004-12,2006-10
NCT00057304,"Study to Determine the Efficacy, Safety, Tolerability & Pharmacokinetics of RO 205-2349 in Patients With Type 2 Diabetes Mellitus",COMPLETED,INTERVENTIONAL,PHASE2,190,Hoffmann-La Roche,"Dallas, Houston, Midland",2003-06,2004-03
NCT00099333,Study of the Safety of Substituting Exenatide for Insulin in Patients Using Insulin and Oral Antidiabetic Agents,COMPLETED,INTERVENTIONAL,PHASE2,49,AstraZeneca,San Antonio,2004-02,2005-08
NCT00547482,The TANTALUS® II System for the Treatment of Type 2 Diabetes: A Randomized Study,TERMINATED,INTERVENTIONAL,NA,300,"MetaCure (USA), Inc.",San Antonio,2007-09,2009-11
NCT04029480,Ertugliflozin Type 2 Diabetes Mellitus (T2DM) Pediatric Study (MK-8835/PF-04971729) (MK-8835-059),COMPLETED,INTERVENTIONAL,PHASE3,166,Merck Sharp & Dohme LLC,Mesquite,2019-10-08,2025-04-11
NCT00757588,Safety and Efficacy of Saxagliptin Plus Insulin With or Without Metformin,COMPLETED,INTERVENTIONAL,PHASE3,455,AstraZeneca,"Houston, San Antonio",2008-11,2010-04
NCT00251680,Efficacy of Lapaquistat Acetate in Subjects Currently Treated With Lipid-Lowering Therapy.,COMPLETED,INTERVENTIONAL,PHASE3,400,Takeda,San Antonio,2005-10,2007-05
NCT00519480,A Study To Assess The Safety And Tolerability Of GSK189075 When Given With A Total Daily Dose Of >/ 2000mg of Metformin,COMPLETED,INTERVENTIONAL,PHASE1,50,GlaxoSmithKline,San Antonio,2007-09-11,2008-04-01
NCT03620890,Detemir Versus NPH for Type 2 Diabetes Mellitus in Pregnancy,COMPLETED,INTERVENTIONAL,PHASE4,108,"The University of Texas Health Science Center, Houston",Houston,2018-09-04,2020-07-29
NCT00294723,To Evaluate the Effect of Liraglutide Versus Glimepiride (Amaryl®) on Haemoglobin A1c,TERMINATED,INTERVENTIONAL,PHASE3,746,Novo Nordisk A/S,"Arlington, Corpus Christi, Dallas, Houston, Midland, San Antonio",2006-02,2008-11
NCT07599982,"Safety Evaluation of MODI, an Insulin Titration Algorithm, in Adults With Diabetes",RECRUITING,INTERVENTIONAL,NA,102,DreaMed Diabetes,Austin,2026-05-25,2027-01
NCT04886388,Pivotal Trial of a Digital Therapeutic for the Treatment of Type 2 Diabetes,COMPLETED,INTERVENTIONAL,PHASE3,668,Better Therapeutics,Houston,2021-04-22,2022-09-27
NCT06445725,Acceptance Based Coping Skills for Diabetes Delivered By Promotores,COMPLETED,INTERVENTIONAL,NA,18,Baylor College of Medicine,San Antonio,2024-03-04,2025-03-24
NCT00246623,US Inhaled Insulin Dose Titration Study,COMPLETED,INTERVENTIONAL,PHASE3,120,Pfizer,"Dallas, El Paso, San Antonio",2005-11,2007-03
NCT01240980,"Safety Study of BMS-903452 in Healthy Subjects (Panel 1-7) & Relative Bioavailability of the Crystalline and Amorphous Forms of BMS-903452 [Panels 4, 6, 11 & 12(Part A)], and Subjects With Type 2 Diabetes Mellitus (Part B)",COMPLETED,INTERVENTIONAL,PHASE1,104,Bristol-Myers Squibb,Austin,2010-11,2012-01
NCT01035879,"Study to Evaluate the Efficacy, Safety, Tolerability, and Pharmacokinetics of MBX-2982 Administered Daily for 4 Weeks as Monotherapy in Patients With Type 2 Diabetes",COMPLETED,INTERVENTIONAL,PHASE2,100,Gilead Sciences,San Antonio,2009-12,2010-08
NCT02526524,"Dose-Ranging Study to Evaluate the Glycemic Effects, Safety, and Tolerability of Metformin Delayed Release in Subjects With T2DM",COMPLETED,INTERVENTIONAL,PHASE2,571,"Elcelyx Therapeutics, Inc.","Austin, Carrollton, Dallas, Houston, Katy, San Antonio, Shavano Park, Sugar Land",2015-09,2016-09
NCT01712061,A Phase 2 Multi-Center Study To Evaluate The Efficacy And Safety Of A Chemokine CCR2/5 Receptor Antagonist In Adults With Type 2 Diabetes And Overt Nephropathy,COMPLETED,INTERVENTIONAL,PHASE2,226,Pfizer,"Greenville, Houston, Richmond, San Antonio, Sugar Land",2012-12,2014-09
NCT02202161,"A Study Investigating Safety, Tolerability, Pharmacokinetics and Pharmacodynamics of GSK2330672 Administered With Metformin to Type 2 Diabetes Patients",COMPLETED,INTERVENTIONAL,PHASE2,70,GlaxoSmithKline,San Antonio,2014-08-27,2015-01-30
NCT01195662,A Study of BMS-512148 (Dapagliflozin) in Patients With Type 2 Diabetes With Inadequately Controlled Hypertension on an ACEI or ARB and an Additional Antihypertensive Medication,COMPLETED,INTERVENTIONAL,PHASE3,2245,AstraZeneca,"Arlington, Corpus Christi, Dallas, El Paso, Houston, New Braunfels, North Richland Hills, Pasadena, Plano, San Antonio, Sugarland",2010-10,2013-02
NCT06906627,Implementation pRogram to Improve Screening and Management for CKD in Diabetes (Program 1) (IRIS-CKD),RECRUITING,INTERVENTIONAL,NA,750,Duke University,Temple,2025-10-28,2027-04-01
NCT01388361,Comparison of the Efficacy and Safety of Two Intensification Strategies in Subjects With Type 2 Diabetes Inadequately Controlled on Basal Insulin and Metformin,COMPLETED,INTERVENTIONAL,PHASE3,413,Novo Nordisk A/S,"Arlington, Dallas, Fort Worth, Irving, Lubbock, San Antonio, Sugar Land",2011-09,2012-07
NCT00085969,Effect of Exenatide Monotherapy on Glucose Control in Subjects With Type 2 Diabetes Mellitus,COMPLETED,INTERVENTIONAL,PHASE2,99,AstraZeneca,San Antonio,2003-09,2004-01
NCT02015780,Fasiglifam in Type 2 Diabetic Subjects With Chronic Kidney Disease Stage 4 or 5 on Hemodialysis,WITHDRAWN,INTERVENTIONAL,PHASE3,0,Takeda,San Antonio,2013-12,2016-01
NCT04419779,Evaluation of the Efficacy and Safety of DMR Using the Revita® in Subjects With Inadequately Controlled Type 2 Diabetes,SUSPENDED,INTERVENTIONAL,NA,320,Fractyl Health Inc.,"Houston, Sugar Land",2021-03-08,2026-01
NCT01147250,Evaluation of Cardiovascular Outcomes in Patients With Type 2 Diabetes After Acute Coronary Syndrome During Treatment With AVE0010 (Lixisenatide),COMPLETED,INTERVENTIONAL,PHASE3,6068,Sanofi,"Dallas, Edinburg, El Paso, Fair Oaks Ranch, Houston, Longview, Lubbock, Marshall, Plano, Richmond, San Antonio, Sugarland, Waco",2010-06,2015-02
NCT06865989,Omnipod® SmartAdjust 2.0 System Compared to the Omnipod® 5 System in Individuals With Type 1 or Type 2 Diabetes,COMPLETED,INTERVENTIONAL,NA,132,Insulet Corporation,"Houston, San Antonio",2025-03-26,2025-11-10
NCT01460368,A Study on the Effects of LY2409021 on the Electrical Impulses of the Heart,COMPLETED,INTERVENTIONAL,PHASE1,67,Eli Lilly and Company,Dallas,2011-10,2012-03
NCT00479791,"Lipid, Glycemic, and Insulin Responses to Meals Rich in Different Fatty Acids",COMPLETED,INTERVENTIONAL,NA,11,University of Texas Southwestern Medical Center,Dallas,1997-04,1999-06
NCT01849289,A Trial Comparing Efficacy and Safety of Insulin Degludec and Insulin Glargine in Insulin naïve Subjects With Type 2 Diabetes,COMPLETED,INTERVENTIONAL,PHASE3,833,Novo Nordisk A/S,Dallas,2013-06-02,2014-05-15
NCT00909597,A Study of Taspoglutide Versus Pioglitazone in Patients With Type 2 Diabetes,COMPLETED,INTERVENTIONAL,PHASE3,756,Hoffmann-La Roche,"Dallas, Houston",2009-05,2010-11
NCT01546597,Single Cohort 4-period Study to Assess Pharmacokinetics of Metformin Alone and in Combination With Ranolazine,COMPLETED,INTERVENTIONAL,PHASE1,24,Gilead Sciences,San Antonio,2012-02,2012-03
NCT04308590,A Study of the Efficacy and Safety of Relacorilant in Patients With Cortisol-Secreting Adrenal Adenomas,COMPLETED,INTERVENTIONAL,PHASE3,137,Corcept Therapeutics,"Dallas, El Paso, Fort Worth, Houston",2020-07-27,2024-09-19
NCT01103414,"Study to Evaluate the Safety, Tolerability and Efficacy of Three Dose Levels of Mitoglitazone in Type 2 Diabetic Patients",COMPLETED,INTERVENTIONAL,PHASE2,356,Metabolic Solutions Development Company,"Corpus Christi, Houston, San Antonio",2010-09,2011-12
NCT06901349,"A Study of Bimagrumab (LY3985863) and Tirzepatide (LY3298176), Alone or in Combination, in Participants With Obesity or Overweight With Type 2 Diabetes",WITHDRAWN,INTERVENTIONAL,PHASE2,0,Eli Lilly and Company,"Dallas, Houston, Kingwood",2025-05-23,2025-06-10
NCT02739984,Evaluation of Evolocumab (AMG 145) Efficacy in Diabetic Adults With Hypercholesterolemia/Mixed Dyslipidemia,COMPLETED,INTERVENTIONAL,PHASE3,424,Amgen,"Austin, Houston",2016-05-17,2017-08-03
NCT05464784,"MN-001 in Non-alcoholic Fatty Liver Disease, Type 2 Diabetes Mellitus, and Hypertriglyceridemia",ACTIVE_NOT_RECRUITING,INTERVENTIONAL,PHASE2,40,MediciNova,Edinburg,2022-08-22,2026-12-31
NCT06851858,"Efficacy, Safety and Tolerability of AZD6234 in Participants Living With Overweight or Obesity With Type 2 Diabetes Who Are on a Stable Dose of GLP-1 Receptor Agonist",ACTIVE_NOT_RECRUITING,INTERVENTIONAL,PHASE2,69,AstraZeneca,San Antonio,2025-03-12,2026-05-27
NCT01129258,Multiple Dose Study of PF-04991532 in Patients With Type 2 Diabetes,COMPLETED,INTERVENTIONAL,PHASE1,110,Pfizer,San Antonio,2010-06,2010-12
NCT04255433,A Study of Tirzepatide (LY3298176) Compared With Dulaglutide on Major Cardiovascular Events in Participants With Type 2 Diabetes,COMPLETED,INTERVENTIONAL,PHASE3,13299,Eli Lilly and Company,"Corpus Christi, Dallas, El Paso, Fort Worth, Houston, Mesquite, North Richland Hills, San Antonio, Shavano Park, Tomball",2020-05-29,2025-06-12
NCT00295633,A Study Assessing Saxagliptin Treatment in Type 2 Diabetic Subjects Who Are Not Controlled With TZD Therapy Alone,COMPLETED,INTERVENTIONAL,PHASE3,565,AstraZeneca,"Austin, Dallas, Fort Worth, Houston, Midland, Pearland, Rosenberg, San Antonio, Texarkana",2006-03,2008-10
NCT02434744,Study of KD026 in Combination With Metformin in Subjects With Type 2 Diabetes Mellitus,COMPLETED,INTERVENTIONAL,PHASE2,121,Response Pharmaceuticals,Houston,2015-04,2016-03
NCT01829464,TAK-875 (Fasiglifam) in Combination With Sitagliptin in Adults With Type 2 Diabetes,TERMINATED,INTERVENTIONAL,PHASE3,90,Takeda,"Carrollton, Dallas, Fort Worth, Houston, Irving, Katy, Lewisville, McKinney, New Braunfels, Plano, San Antonio, Tomball",2013-05,2014-03
NCT01119846,"A Study in Type 2 Diabetics of Single and Multiple Doses of Orally Administered GSK1292263 to Investigate the Safety, Tolerability, Pharmacokinetics and Pharmacodynamics",COMPLETED,INTERVENTIONAL,PHASE2,100,GlaxoSmithKline,San Antonio,2009-06-05,2010-03-19
NCT01117350,Efficacy Assessment of Insulin Glargine Versus LiraglutidE After Oral Agents Failure,COMPLETED,INTERVENTIONAL,PHASE4,978,Sanofi,"Dallas, Houston",2010-07,2013-03
NCT00102297,Study of the Safety of FG-3019 in Incipient Nephropathy Due to Type 1 or Type 2 Diabetes Mellitus,COMPLETED,INTERVENTIONAL,PHASE1,20,Kyntra Bio,"Dallas, San Antonio",2005-01,2007-06
NCT01618162,The Efficacy of Insulin Degludec/Liraglutide as add-on Therapy in Controlling Glycaemia in Adults With Type 2 Diabetes Inadequately Controlled on Sulphonylurea With or Without Metformin Therapy,COMPLETED,INTERVENTIONAL,PHASE3,435,Novo Nordisk A/S,"Dallas, Hurst, Sugar Land",2012-08-29,2013-10-23
NCT01512979,"Linagliptin and Metformin Versus Linagliptin in Newly Diagnosed, Untreated Type 2 Diabetes",COMPLETED,INTERVENTIONAL,PHASE4,316,Boehringer Ingelheim,"Grand Prairie, Houston, San Antonio, Tomball",2012-01,2013-04
NCT00838916,A Study to Determine the Safety and Efficacy of Albiglutide in Patients With Type 2 Diabetes,COMPLETED,INTERVENTIONAL,PHASE3,779,GlaxoSmithKline,"Arlington, Bedford, Cleburne, Corpus Christi, Dallas, Deer Park, El Paso, Fort Worth, Houston, Hurst, Katy, Lake Jackson, Lewisville, Midland, North Richland Hills, Odessa, San Antonio, Schertz, Sugar Land, Sugarland",2009-02,2013-05
NCT06706284,Glycemic and Weight Loss Effects of GLP-1R Agonist Therapy in Subjects With Spinal Cord Injury and Type 2 Diabetes,RECRUITING,INTERVENTIONAL,PHASE4,50,Marzieh Salehi,San Antonio,2025-04-11,2029-03-01
NCT01570751,"A Trial Comparing the Efficacy, Patient-reported Outcomes and Safety of Insulin Degludec 200 U/mL vs Insulin Glargine in Subjects With Type 2 Diabetes Mellitus Requiring High-dose Insulin",COMPLETED,INTERVENTIONAL,PHASE3,145,Novo Nordisk A/S,"Dallas, Kingsville, San Antonio, Schertz, Sugar Land",2012-04,2014-01
NCT00361946,The Role of Amylin and Incretins on Postprandial Metabolisms in Adolescents With Type 2 Diabetes Mellitus (T2DM).,COMPLETED,OBSERVATIONAL,,45,Baylor College of Medicine,Houston,2006-08,2010-07
NCT00961662,A Clinical Study to Evaluate the Effect of Naturlose (Tagatose),COMPLETED,INTERVENTIONAL,PHASE2,161,Robert Lodder,Houston,2008-02,2010-08
NCT03684642,Efficacy and Safety of Efpeglenatide Versus Dulaglutide in Patients With Type 2 Diabetes Mellitus Inadequately Controlled With Metformin,TERMINATED,INTERVENTIONAL,PHASE3,908,Sanofi,"Dallas, San Antonio",2018-09-26,2020-11-17
NCT01691846,A Study of Aleglitazar in Combination With Metformin in Patients With Type 2 Diabetes Mellitus Who Are Inadequately Controlled With Metformin Alone,COMPLETED,INTERVENTIONAL,PHASE3,200,Hoffmann-La Roche,Dallas,2012-10,2013-09
NCT01468987,A Study in Participants With Type 2 Diabetes Mellitus,COMPLETED,INTERVENTIONAL,PHASE3,1369,Eli Lilly and Company,"Arlington, Austin, Dallas",2011-12,2013-08
NCT01422876,Efficacy and Safety of Empagliflozin (BI 10773) / Linagliptin (BI 1356) Fixed Dose Combination in Treatment naïve and Metformin Treated Type 2 Diabetes Patients,COMPLETED,INTERVENTIONAL,PHASE3,1405,Boehringer Ingelheim,"Austin, Houston, Pearland, San Antonio, Spring, Waco",2011-08,2013-09
NCT00330473,A Concordance Study Comparing Insulin Treatments in Patients With Type 2 Diabetes,COMPLETED,INTERVENTIONAL,PHASE3,1019,Eli Lilly and Company,"Corpus Christi, Houston",2006-06,2008-05
NCT01959529,A Trial Comparing Cardiovascular Safety of Insulin Degludec Versus Insulin Glargine in Subjects With Type 2 Diabetes at High Risk of Cardiovascular Events,COMPLETED,INTERVENTIONAL,PHASE3,7637,Novo Nordisk A/S,"Arlington, Austin, Carrollton, Corpus Christi, Dallas, Fort Worth, Houston, Humble, Hurst, Irving, Lewisville, Longview, Lubbock, Midland, Odessa, Pearland, Richardson, Round Rock, San Antonio, Splendora, Sugar Land, Waco",2013-10-29,2016-10-16
NCT07321886,"A Study of Eloralintide (LY3841136) in Participants With Obesity, or Overweight Without Type 2 Diabetes",RECRUITING,INTERVENTIONAL,PHASE3,1980,Eli Lilly and Company,"Bellaire, Dallas, San Antonio",2026-02-06,2030-07
NCT06028503,ACT Intervention for Type 2 Diabetes Management for Rural and Underserved Community,RECRUITING,INTERVENTIONAL,NA,60,Sam Houston State University,Conroe,2024-04-01,2027-08-31
NCT00998686,Safety and Efficacy Study of Dutogliptin in Subjects With Type 2 Diabetes Mellitus on a Background Medication of Metformin,TERMINATED,INTERVENTIONAL,PHASE3,650,Phenomix,"Dallas, San Antonio",2009-11,2011-11
NCT00333151,Effect of Liraglutide on Blood Glucose Control in Subjects With Type 2 Diabetes,COMPLETED,INTERVENTIONAL,PHASE3,576,Novo Nordisk A/S,"Arlington, Dallas, Houston, Lubbock, Midland, San Antonio",2006-05,2007-08
NCT01215955,Study of Insulin Lispro in Participants With Inadequately Controlled Type 2 Diabetes,COMPLETED,INTERVENTIONAL,PHASE4,1117,Eli Lilly and Company,"Dallas, Houston, San Antonio",2010-12,2013-01
NCT03351478,Efficacy and Safety of Sotagliflozin Versus Placebo and Empagliflozin in Participants With Type 2 Diabetes Mellitus Who Have Inadequate Glycemic Control While Taking a DPP4 Inhibitor Alone or With Metformin,COMPLETED,INTERVENTIONAL,PHASE3,770,Lexicon Pharmaceuticals,"Brownsville, Dallas, Houston, Katy, McAllen, Mesquite, Plano, San Antonio, Schertz",2017-11-27,2019-05-16
NCT00683878,Add-on to Thiazolidinedione (TZD) Failures,COMPLETED,INTERVENTIONAL,PHASE3,972,AstraZeneca,"Dallas, Houston, San Antonio",2008-07,2010-06
NCT00141492,Efficacy and Safety of Androgel in the Treatment of Hypogonadal and Low Testosterone Men With Type 2 Diabetes,COMPLETED,INTERVENTIONAL,PHASE2,,Solvay Pharmaceuticals,"Arlington, Dallas, Houston, Humble, La Porte, Midland, San Antonio, Sugarland",2004-10,2007-06
NCT03115112,Safety and Efficacy of Bexagliflozin Compared to Sitagliptin as Add-on Therapy to Metformin in Type 2 Diabetes Subjects,COMPLETED,INTERVENTIONAL,PHASE3,386,Theracos,San Antonio,2017-10-12,2018-10-31
NCT03268005,"Research Study Comparing a New Medicine ""Fast-acting Insulin Aspart"" to Another Already Available Medicine ""NovoRapid""/""NovoLog"" in People With Type 2 Diabetes",COMPLETED,INTERVENTIONAL,PHASE3,1264,Novo Nordisk A/S,"Amarillo, Austin, Beaumont, Dallas, Longview, Pearland, Round Rock",2017-09-19,2019-01-29
NCT03394456,Technology to Improve the Health of Resource-poor Hispanics With Diabetes,COMPLETED,INTERVENTIONAL,NA,265,Baylor College of Medicine,Houston,2018-01-13,2022-08-30
NCT02210000,A Study to Evaluate the Effect of Camicinal on Gastroparesis Symptoms in Type 1 and 2 Diabetic Subjects With Gastroparesis,COMPLETED,INTERVENTIONAL,PHASE2,114,GlaxoSmithKline,"Arlington, Austin, Spring",2014-08-27,2015-08-24
NCT03552757,Research Study Investigating How Well Semaglutide Works in People With Type 2 Diabetes Suffering From Overweight or Obesity,COMPLETED,INTERVENTIONAL,PHASE3,1210,Novo Nordisk A/S,"Austin, Dallas, Houston, Shavano Park",2018-06-04,2020-05-01
NCT04461236,Isoleucine Intake and Intermediary Metabolism in Type 2 Diabetes,COMPLETED,INTERVENTIONAL,NA,38,Texas A&M University,College Station,2019-05-30,2020-03-02
NCT02065791,Evaluation of the Effects of Canagliflozin on Renal and Cardiovascular Outcomes in Participants With Diabetic Nephropathy,COMPLETED,INTERVENTIONAL,PHASE3,4401,"Janssen Research & Development, LLC","Arlington, Corpus Christi, Corsicana, Dallas, Edinburg, Fort Worth, Houston, Mesquite, San Antonio, Schertz, Sugar Land, Temple, Waco",2014-02-17,2018-10-30
NCT00501462,A Comparison Of Study Drug Blood Levels After One Dose Of GSK189075 In Subjects With Normal And Reduced Kidney Function,COMPLETED,INTERVENTIONAL,PHASE1,29,GlaxoSmithKline,Austin,2007-07,2008-03
NCT01007097,Efficacy and Safety of TAK-875 in Subjects With Type 2 Diabetes Mellitus,COMPLETED,INTERVENTIONAL,PHASE2,426,Takeda,"Corpus Christi, Hurst, North Richland Hills, Odessa, San Antonio",2009-12,2010-09
NCT00537303,Comparison of the Blood Sugar Lowering Effect and Safety of Two Insulin Treatments in Type 2 Diabetes,COMPLETED,INTERVENTIONAL,PHASE4,296,Novo Nordisk A/S,"Dallas, Houston, San Antonio",2007-10,2009-03
NCT06926842,Efficacy and Safety of Petrelintide in Participants With Overweight or Obesity and Type 2 Diabetes (ZUPREME 2),ACTIVE_NOT_RECRUITING,INTERVENTIONAL,PHASE2,221,Zealand Pharma,"Austin, Dallas, Houston, Irving, McKinney, San Marcos, Shavano Park, Stephenville",2025-04-22,2026-08-13
NCT00388986,A Drug-Drug Interaction Study of GK Activator (2) and Glyburide in Patients With Type 2 Diabetes.,COMPLETED,INTERVENTIONAL,PHASE1,18,Hoffmann-La Roche,San Antonio,2006-10,2007-07
NCT00440440,Effect of Testosterone Gel Replacement on Fat Mass in Males With Low Testosterone Levels and Diabetes,WITHDRAWN,INTERVENTIONAL,PHASE4,0,Diabetes Center of the Southwest,Midland,2009-08,2012-07
NCT02000700,"A Study to Evaluate the Pharmacokinetics, Pharmacodynamics and Safety of Canagliflozin in Older Children and Adolescents With Type 2 Diabetes Mellitus",COMPLETED,INTERVENTIONAL,PHASE1,17,"Janssen Research & Development, LLC",Houston,2014-03,2016-04
NCT02298192,A Clinical Trial Comparing Efficacy and Safety of Insulin Degludec/Liraglutide (IDegLira) in Subjects With Type 2 Diabetes Mellitus Using Two Different Titration Algorithms,COMPLETED,INTERVENTIONAL,PHASE3,420,Novo Nordisk A/S,"Houston, Katy, San Antonio",2014-11-21,2015-12-23
NCT00036192,Trial of FK614 in Type 2 Diabetics Inadequately Controlled on a Sulfonylurea,COMPLETED,INTERVENTIONAL,PHASE2,200,Astellas Pharma Inc,"Dallas, Houston, San Antonio",2002-02,2006-03
NCT02656069,Safety and Efficacy of G-Pen Compared to Lilly Glucagon for Hypoglycemia Rescue in Adult Type 1 Diabetics,COMPLETED,INTERVENTIONAL,PHASE3,80,Xeris Pharmaceuticals,San Antonio,2017-03-15,2017-09-25
NCT00740051,"A Randomised, db, Placebo-controlled Study of BI 1356 for 18 Weeks Followed by a 34 Week Double-blind Extension Period (Placebo Patients Switched to Glimepiride) in Type 2 Diabetic Patients for Whom Treatment With Metformin is Inappropriate",COMPLETED,INTERVENTIONAL,PHASE3,227,Boehringer Ingelheim,"Dallas, San Antonio",2008-08,
NCT02336945,Glucose Variability Pilot Study for the Abbott Sensor Based Glucose Monitoring System-Professional,COMPLETED,OBSERVATIONAL,,146,Abbott Diabetes Care,Pearland,2015-01,2015-07
NCT03353350,Efficacy and Safety of Efpeglenatide Versus Placebo in Patients With Type 2 Diabetes Mellitus Inadequately Controlled With Diet and Exercise,COMPLETED,INTERVENTIONAL,PHASE3,406,Hanmi Pharmaceutical Company Limited,"Carrollton, Dallas, Houston, Plano, San Antonio, Schertz",2017-12-05,2020-09-07
NCT01792518,"MARLINA - T2D : Efficacy, Safety & Modification of Albuminuria in Type 2 Diabetes Subjects With Renal Disease With LINAgliptin",COMPLETED,INTERVENTIONAL,PHASE3,360,Boehringer Ingelheim,Houston,2013-02,2015-12
NCT00850096,Effects of Nasulin Versus Placebo on Blood Glucose Control in Patient Volunteers With Type 2 Diabetes Mellitus,COMPLETED,INTERVENTIONAL,PHASE2,94,CPEX Pharmaceuticals Inc.,"Austin, Dallas",2009-01,2010-03
NCT00104182,"Comparison of Insulin Detemir Morning, Insulin Detemir Evening and NPH Insulin Evening in Patients With Type 2 Diabetes",COMPLETED,INTERVENTIONAL,PHASE3,503,Novo Nordisk A/S,"Conroe, Killeen",2005-02,2006-02
NCT01496443,TAK-875 Glimepiride Drug-Interaction Study,COMPLETED,INTERVENTIONAL,PHASE1,28,Takeda,San Antonio,2012-01,2012-05
NCT06383390,The Effect of Retatrutide Once Weekly on Cardiovascular Outcomes and Kidney Outcomes in Adults Living With Obesity (TRIUMPH-Outcomes),ACTIVE_NOT_RECRUITING,INTERVENTIONAL,PHASE3,10000,Eli Lilly and Company,"Austin, Brownsville, Corpus Christi, Dallas, Denison, Edinburg, El Paso, Fort Worth, Houston, Humble, Lufkin, McKinney, Mesquite, San Antonio, Shenandoah, Wylie",2024-04-30,2029-02
NCT00316082,Study of BMS-477118 as Monotherapy With Titration in Subjects With Type 2 Diabetes Who Are Not Controlled With Diet and Exercise,COMPLETED,INTERVENTIONAL,PHASE3,365,AstraZeneca,"Carrollton, Corpus Christi, Houston, San Antonio",2006-06,2008-11
NCT01474018,QR-Bromocriptine as an Adjunct to Insulin and Metformin in the Treatment of Type 2 Diabetes,COMPLETED,INTERVENTIONAL,PHASE4,15,University of Texas Southwestern Medical Center,Dallas,2011-11,2012-06
NCT00057317,Study of Ro 205-2349 in Patients With Type 2 Diabetes Mellitus,COMPLETED,INTERVENTIONAL,PHASE2,,Hoffmann-La Roche,"Dallas, El Paso, Houston, Midland, San Antonio",2001-12,2003-12
NCT00789191,Effect of Detemir and Sitagliptin on Blood Glucose Control in Type 2 Diabetes,COMPLETED,INTERVENTIONAL,PHASE3,222,Novo Nordisk A/S,Dallas,2008-11,2009-08
NCT00877890,"A Study to Evaluate the Glycemic Effects, Safety, and Tolerability of Exenatide Once Weekly in Subjects With Type 2 Diabetes Mellitus (DURATION-5)",COMPLETED,INTERVENTIONAL,PHASE3,254,AstraZeneca,"Austin, Corpus Christi, San Antonio",2009-03,2010-01
NCT04605991,A Study of Mealtime Insulin LY900014 in Participants With Type 2 Diabetes Using Continuous Glucose Monitoring (PRONTO-Time in Range),COMPLETED,INTERVENTIONAL,PHASE3,187,Eli Lilly and Company,"Austin, Dallas, Houston, Shavano Park",2020-11-04,2022-02-04
NCT02365233,Fatty Liver Study in Patients With Type II Diabetes,TERMINATED,INTERVENTIONAL,PHASE4,5,"The University of Texas Medical Branch, Galveston",Galveston,2013-05-01,2016-12-31
NCT07104500,VK2735 for Weight Management Phase 3,ACTIVE_NOT_RECRUITING,INTERVENTIONAL,PHASE3,4500,"Viking Therapeutics, Inc.","Abilene, Austin, Bellaire, Brownsville, Dallas, Frisco, Houston, Lampasas, San Antonio, Waco",2025-06-23,2027-08-01
NCT02964247,LIRA-ADD2SGLT2i - Liraglutide Versus Placebo as add-on to SGLT2 Inhibitors.,COMPLETED,INTERVENTIONAL,PHASE3,303,Novo Nordisk A/S,"Dallas, Edinburg, Houston, Humble, Round Rock, Schertz",2017-03-03,2018-05-08
NCT04791826,Electronic Alerts for Heart Failure Prevention in Diabetes,COMPLETED,INTERVENTIONAL,NA,1524,University of Texas Southwestern Medical Center,Dallas,2021-03-25,2024-05-07
NCT02545049,Efficacy and Safety of Finerenone in Subjects With Type 2 Diabetes Mellitus and the Clinical Diagnosis of Diabetic Kidney Disease,COMPLETED,INTERVENTIONAL,PHASE3,7352,Bayer,"Arlington, Corpus Christi, Dallas, El Paso, Houston, Kingwood, McAllen, McKinney, Missouri City, Pearland, Pflugerville, San Antonio, Sugar Land, Tomball, Waco",2015-09-17,2021-02-02
NCT01301456,Single-Dose And Multiple-Dose Safety And Tolerability Study Of PF-04856883 In Type 2 Diabetic Adult Females,COMPLETED,INTERVENTIONAL,PHASE1,84,Pfizer,San Antonio,2011-03,2012-04
NCT00528372,A Phase III Study of BMS-512148 (Dapagliflozin) in Patients With Type 2 Diabetes Who Are Not Well Controlled With Diet and Exercise,COMPLETED,INTERVENTIONAL,PHASE3,1067,AstraZeneca,"Houston, San Antonio",2007-09,2010-07
NCT00850239,Safety and Efficacy Study of Dutogliptin/PHX1149T in Subjects With Type 2 Diabetes Mellitus on a Background Medication of Metformin,TERMINATED,INTERVENTIONAL,PHASE3,700,Phenomix,"Dallas, El Paso, San Antonio",2009-05,2010-12
NCT00232583,Preservation of Beta-cell Function in Type 2 Diabetes Mellitus,COMPLETED,INTERVENTIONAL,NA,58,University of Texas Southwestern Medical Center,Dallas,2003-11,2011-12
NCT01243424,CAROLINA: Cardiovascular Outcome Study of Linagliptin Versus Glimepiride in Patients With Type 2 Diabetes,COMPLETED,INTERVENTIONAL,PHASE3,6103,Boehringer Ingelheim,"Arlington, Austin, Carrollton, Dallas, Houston, Midland, New Braunfels, Odessa, Pearland, Plano, San Antonio, Schertz, Sugar Land",2010-11-11,2018-08-21
NCT03214380,A Study of LY900014 Compared to Insulin Lispro in Participants With Type 2 Diabetes,COMPLETED,INTERVENTIONAL,PHASE3,933,Eli Lilly and Company,"Austin, Dallas, Shavano Park",2017-07-14,2019-03-13
NCT01665352,A Study to Evaluate Safety and Efficacy of TTP054 for 12 Weeks in Subjects With Type 2 Diabetes,COMPLETED,INTERVENTIONAL,PHASE2,186,vTv Therapeutics,"Dallas, Houston, Katy",2012-08,2013-05
NCT00353587,Safety and Efficacy Study of Metaglidasen in Type 2 Diabetes in Patients Suboptimally Controlled on Insulin,COMPLETED,INTERVENTIONAL,"PHASE2, PHASE3",396,Gilead Sciences,"Dallas, Houston, Midland, San Antonio",2006-05,2007-11
NCT01197963,A Surgical Approach to the Management of Type II Diabetes Mellitus in Patients With a BMI Between 25-35 kg/m2,TERMINATED,INTERVENTIONAL,NA,3,"The University of Texas Health Science Center, Houston",Bellaire,2010-09,2014-02
NCT01159600,Efficacy and Safety Study With Empagliflozin (BI 10773) vs. Placebo as add-on to Metformin or Metformin Plus Sulfonylurea Over 24 Weeks in Patients With Type 2 Diabetes,COMPLETED,INTERVENTIONAL,PHASE3,1504,Boehringer Ingelheim,"Houston, Hurst, Killeen, San Antonio",2010-07,
NCT01042977,Efficacy and Safety in Patients With Type 2 Diabetes Mellitus and Cardiovascular Disease,COMPLETED,INTERVENTIONAL,PHASE3,964,AstraZeneca,"Austin, Corpus Christi, Dallas, Irving, Richardson, San Antonio, Sugarland",2010-03,2012-12
NCT04835493,Evaluating Telementoring for CHW-centered Diabetes Initiatives,ACTIVE_NOT_RECRUITING,INTERVENTIONAL,NA,320,"The University of Texas Medical Branch, Galveston",Houston,2022-09-01,2028-12-31
NCT05838287,Pioglitazone on Heart Failure in Type-2 Diabetes Mellitus Participants,RECRUITING,INTERVENTIONAL,PHASE4,78,The University of Texas Health Science Center at San Antonio,San Antonio,2023-07-10,2030-01
NCT03131687,A Study of Tirzepatide (LY3298176) in Participants With Type 2 Diabetes Mellitus,COMPLETED,INTERVENTIONAL,PHASE2,318,Eli Lilly and Company,"Dallas, Shavano Park",2017-05-24,2018-08-01
NCT00513214,Safety and Pharmacokinetics Study of XOMA 052 in Subjects With Type 2 Diabetes Mellitus,COMPLETED,INTERVENTIONAL,"PHASE1, PHASE2",68,XOMA (US) LLC,San Antonio,2007-07,2010-02
NCT07055516,Evaluate the Efficacy and Safety of NT-0796 in Participants With Obesity With or Without Type 2 Diabetes Mellitus,COMPLETED,INTERVENTIONAL,PHASE2,176,NodThera Limited,Dallas,2025-05-08,2026-05-27
NCT06534411,"A Research Study to See How Much CagriSema Lowers Blood Sugar and Body Weight Compared to Tirzepatide in People With Type 2 Diabetes Treated With Metformin, SGLT2 Inhibitor or Both",COMPLETED,INTERVENTIONAL,PHASE3,1023,Novo Nordisk A/S,"Austin, Dallas, Houston, Kerrville, Laredo, McAllen, Stephenville",2024-11-05,2026-07-09
NCT06993792,A Master Protocol for Orforglipron (LY3502970) in Participants With Obesity or Overweight With and Without Type 2 Diabetes,ACTIVE_NOT_RECRUITING,INTERVENTIONAL,PHASE3,1200,Eli Lilly and Company,"Dallas, Houston, Kingwood, Mission, Shavano Park",2025-05-15,2027-08
NCT02973321,A Study to Assess the Safety and Efficacy of SAR425899 in Patients With Type 2 Diabetes Mellitus,COMPLETED,INTERVENTIONAL,PHASE2,296,Sanofi,"Austin, Dallas, Houston, San Antonio, Sugar Land",2016-12-02,2017-12-27
NCT00618007,Effect of PF-00734200 in Subjects With Type 2 Diabetes,COMPLETED,INTERVENTIONAL,PHASE2,289,Pfizer,"Dallas, El Paso, Houston, Hurst, Odessa, Pearland, San Antonio",2008-02,2008-08
NCT07713836,Nutrition Intervention Optimization to Better Utilize Resources and Support Health,NOT_YET_RECRUITING,INTERVENTIONAL,NA,400,Tufts University,Dallas,2027-01,2031-02
NCT01340664,"An Efficacy, Safety, and Tolerability Study of Canagliflozin in the Treatment of Patients With Type 2 Diabetes Mellitus With Inadequate Glycemic Control on Metformin Monotherapy",COMPLETED,INTERVENTIONAL,PHASE2,279,"Janssen Research & Development, LLC","Houston, Pearland, San Antonio",2011-07,2012-04
NCT01338870,Study of Safety and Efficacy of PF-04991532 in Subjects With Type 2 Diabetes,COMPLETED,INTERVENTIONAL,PHASE2,301,Pfizer,"Dallas, Katy, San Antonio",2011-06,2012-03
NCT07546929,HP-211 Safety and Proof of Concept Dose Ranging Study in Patients With Type 2 Diabetes,RECRUITING,INTERVENTIONAL,PHASE2,300,Housey Healthcare ULC,"Dallas, Irving, Lewisville, McKinney, San Antonio, Sugar Land, Waco",2023-02-03,2026-10
NCT04617275,"A 12-WEEK TITRATE STUDY TO EVALUATE SAFETY, TOLERABILITY AND PHARMACODYNAMICS OF PF-06882961 IN ADULTS WITH TYPE 2 DIABETES MELLITUS AND IN NON-DIABETIC ADULTS WITH OBESITY",COMPLETED,INTERVENTIONAL,PHASE2,151,Pfizer,"Dallas, Houston, Shavano Park",2021-01-06,2021-11-17
NCT06083675,Research Study to Compare Semaglutide Tablets With Empagliflozin or Metformin Tablets in People With Type 2 Diabetes,WITHDRAWN,INTERVENTIONAL,PHASE3,0,Novo Nordisk A/S,Waco,2024-01-26,2027-05-28
NCT00110851,Safety and Efficacy Study of PN2034 in Type 2 Diabetes Patients on Concomitant Rosiglitazone and Metformin (or Avandamet),COMPLETED,INTERVENTIONAL,PHASE2,90,Wellstat Therapeutics,Spring,2005-04,2007-08
NCT00943501,Safety of Liraglutide in Pediatric Patients With Type 2 Diabetes,COMPLETED,INTERVENTIONAL,PHASE1,21,Novo Nordisk A/S,Dallas,2009-11,2011-09
NCT06042153,DIALYSIS-TIR Study,ACTIVE_NOT_RECRUITING,INTERVENTIONAL,PHASE4,43,University of Texas Southwestern Medical Center,"Dallas, Irving",2023-12-05,2028-09
NCT00229658,An Observational Study Evaluating SYMLIN® (Pramlintide Acetate) Injection Use in Insulin Using Patients With Type 2 and Type 1 Diabetes,COMPLETED,OBSERVATIONAL,,1297,AstraZeneca,"Austin, Beaumont, Houston, San Antonio",2005-09,2008-05
NCT01154348,Study to Assess Safety and Pharmacokinetics of Double-Blind S-707106 Alone and in Combination With Open-Label Metformin in Patients With Type 2 Diabetes Mellitus,COMPLETED,INTERVENTIONAL,PHASE1,34,Shionogi,San Antonio,2010-06,2010-12
NCT00246987,A Trial to Evaluate BMS-298585 as Monotherapy in Subjects With Type 2 Diabetes Who Have Inadequate Glycemic Control,COMPLETED,INTERVENTIONAL,PHASE3,341,Bristol-Myers Squibb,"Fort Worth, Lubbock, San Angelo, San Antonio",2003-06,2004-04
NCT06108076,Acute and Chronic Effects of Oral Ketones in Subjects With HFrEF and Diabetes,RECRUITING,INTERVENTIONAL,EARLY_PHASE1,10,The University of Texas Health Science Center at San Antonio,San Antonio,2024-01-16,2026-12-31
NCT00682097,A Multiple Ascending Dose Study of RO4998452 in Patients With Type 2 Diabetes Mellitus.,COMPLETED,INTERVENTIONAL,PHASE1,55,Hoffmann-La Roche,San Antonio,2008-05,2009-03
NCT00622089,Open Label Safety & Pharmacodynamic Study 24Wk w/DIO-902 Combo w/Metformin & Atorvastatin in T2DM Patients,TERMINATED,INTERVENTIONAL,"PHASE2, PHASE3",150,DiObex,"Austin, San Antonio",2008-01,2008-12
NCT05352815,"A Research Study to See How Well the New Weekly Medicine IcoSema, Which is a Combination of Insulin Icodec and Semaglutide, Controls Blood Sugar Level in People With Type 2 Diabetes Compared to Weekly Insulin Icodec",COMPLETED,INTERVENTIONAL,PHASE3,1291,Novo Nordisk A/S,"Amarillo, Austin, Corpus Christi, Dallas, Fort Worth, Houston, Hurst, Katy, Laredo, Longview, Plano, Round Rock, San Antonio, San Marcos, Sugar Land, Waco",2022-06-01,2024-04-23
NCT06354660,Effect of Retatrutide Compared With Placebo in Adult Participants With Type 2 Diabetes and Inadequate Glycemic Control With Diet and Exercise Alone (TRANSCEND-T2D-1),COMPLETED,INTERVENTIONAL,PHASE3,537,Eli Lilly and Company,"Dallas, Flower Mound, Fort Worth, Shavano Park, Weslaco",2024-04-10,2026-02-20
NCT07662044,A Phase III Study to Investigate the Efficacy and Safety of Elecoglipron Alone or in Combination With Dapagliflozin Compared With Placebo in Adults With Type 2 Diabetes Mellitus,RECRUITING,INTERVENTIONAL,PHASE3,800,AstraZeneca,"Fort Worth, Irving",2026-07-06,2028-07-14
NCT02240680,Linagliptin as Add on to Basal Insulin in the Elderly,COMPLETED,INTERVENTIONAL,PHASE4,302,Boehringer Ingelheim,"Arlington, Dallas, Fort Worth, Houston, San Antonio",2014-09-23,2017-04-25
NCT00722397,TODAY Genetics Study,COMPLETED,OBSERVATIONAL,,2654,National Institute of Diabetes and Digestive and Kidney Diseases (NIDDK),"Houston, Lubbock, San Antonio",2008-08,2015-02
NCT00765817,Addition Of Exenatide To Insulin Glargine In Type 2 Diabetes Mellitus,COMPLETED,INTERVENTIONAL,PHASE3,261,AstraZeneca,"Dallas, El Paso, Georgetown, San Antonio",2008-10,2010-01
NCT01541215,"Efficacy and Safety of Liraglutide in Combination With Metformin Compared to Metformin Alone, in Children and Adolescents With Type 2 Diabetes",COMPLETED,INTERVENTIONAL,PHASE3,135,Novo Nordisk A/S,"Amarillo, Dallas, Edinburg, Fort Worth, Houston, Kerrville, San Antonio",2012-11-13,2020-05-20
NCT07053319,"SGLT2i, Pioglitazone, and Ketone Production in T2D",RECRUITING,INTERVENTIONAL,PHASE1,64,The University of Texas Health Science Center at San Antonio,San Antonio,2026-05-11,2027-06-30
NCT06972459,A Study of Orforglipron (LY3502970) in Participants With Obesity or Overweight and at Least One Weight-Related Comorbidity,ACTIVE_NOT_RECRUITING,INTERVENTIONAL,PHASE3,600,Eli Lilly and Company,"Dallas, Houston, Kingwood, Mission, Shavano Park",2025-05-15,2027-08
NCT05564039,A Study of Tirzepatide (LY3298176) in Adult Participants With Type 2 Diabetes Switching From Dulaglutide (SURPASS-SWITCH),COMPLETED,INTERVENTIONAL,PHASE4,282,Eli Lilly and Company,"Houston, Mesquite, North Richland Hills",2022-11-30,2024-08-12
NCT01454973,Characterization of the Variability of Insulin Secretory Parameters in the Meal Tolerance and the Maximal Stimulation Tests of Healthy Subjects,COMPLETED,OBSERVATIONAL,,25,Foundation for the National Institutes of Health,San Antonio,2011-10,2012-01
NCT00744367,A Study of Taspoglutide Versus Placebo for the Treatment of Patients With Type 2 Diabetes Mellitus Inadequately Controlled With Metformin Plus Pioglitazone.,COMPLETED,INTERVENTIONAL,PHASE3,326,Hoffmann-La Roche,"Bellaire, Dallas, Houston, San Antonio",2008-10,2010-11
NCT00423501,A Study of a GLP-1 Analogue in Patients With Type 2 Diabetes Treated With Metformin.,COMPLETED,INTERVENTIONAL,PHASE2,306,Hoffmann-La Roche,"Dallas, Midland, San Antonio",2007-02,2007-11
NCT03893422,Placebo-Controlled Clinical Nutrition Study of the Safety and Metabolic Effects of Two Medical Foods in Type 2 Diabetes,COMPLETED,INTERVENTIONAL,NA,76,Pendulum Therapeutics,Houston,2017-10-22,2018-09-14
NCT00387972,Study Of Denagliptin In Subjects With Type 2 Diabetes Mellitus (T2DM),WITHDRAWN,INTERVENTIONAL,"PHASE2, PHASE3",0,GlaxoSmithKline,"Cleburne, San Antonio, Seguin",2006-05,2007-10
NCT00240253,A Study Evaluating the Efficacy and Safety of Adding Symlin® to Lantus® (Insulin Glargine) in Subjects With Type 2 Diabetes,COMPLETED,INTERVENTIONAL,PHASE4,200,AstraZeneca,Dallas,2005-10,2006-06
NCT00225277,Efficacy Study of Pioglitazone Compared to Glimepiride on Coronary Atherosclerotic Disease Progression in Subjects With Type 2 Diabetes Mellitus,COMPLETED,INTERVENTIONAL,PHASE3,547,Takeda,"Amarillo, Houston, Lubbock, San Antonio",2003-07,2007-10
NCT00555217,VA NEPHRON-D: Diabetes iN Nephropathy Study,TERMINATED,INTERVENTIONAL,PHASE3,1448,US Department of Veterans Affairs,Dallas,2008-07,2014-10
NCT04663282,A Trial of INS068 in Patients With Type 2 Diabetes Not Adequately Controlled With One or Two Oral Antidiabetics,COMPLETED,INTERVENTIONAL,PHASE2,179,"Jiangsu HengRui Medicine Co., Ltd.","Houston, San Antonio",2021-02-04,2022-05-28
NCT00241423,Effect of Exenatide on 24-Hour Blood Glucose Profile Compared With Placebo in Patients With Type 2 Diabetes,COMPLETED,INTERVENTIONAL,PHASE2,30,AstraZeneca,San Antonio,2005-10,2007-06
NCT00256646,Markers and Mechanisms of Vascular Disease in Type II Diabetes,COMPLETED,OBSERVATIONAL,,298,US Department of Veterans Affairs,"Houston, San Antonio",2007-06,2008-05
NCT00035542,A Research Study to Determine the Safety and Efficacy of Glucovance Compared to Metformin and Glyburide in Children and Adolescents With Type 2 Diabetes.,COMPLETED,INTERVENTIONAL,PHASE3,,Bristol-Myers Squibb,"Corpus Christi, Houston, Lackland Air Force Base, Lufkin, San Antonio",2001-12,2003-10
NCT02501161,A 104 Week Clinical Trial Comparing Long Term Glycaemic Control of Insulin Degludec/Liraglutide (IDegLira) Versus Insulin Glargine Therapy in Subjects With Type 2 Diabetes Mellitus,COMPLETED,INTERVENTIONAL,PHASE3,1012,Novo Nordisk A/S,"Dallas, Houston, Irving, Katy, San Antonio",2016-01-31,2018-10-03
NCT00361153,Effects on Colesevelam HC1 (WelChol®) on Insulin Sensitivity in Subjects With Type 2 Diabetes Mellitus,COMPLETED,INTERVENTIONAL,PHASE2,35,Daiichi Sankyo,San Antonio,2006-05,2007-03
NCT02030600,"A Trial Comparing the Safety and Efficacy of Insulin Degludec and Insulin Glargine, With or Without OADs in Subjects With Type 2 Diabetes",COMPLETED,INTERVENTIONAL,PHASE3,721,Novo Nordisk A/S,"Arlington, Austin, Carrollton, Dallas, El Paso, Fort Worth, Houston, Humble, Hurst, Marshall, Mesquite, North Richland Hills, Plano, Richardson, San Antonio, Sealy, Sugar Land, Victoria, Waco",2014-01-06,2015-12-04
NCT07104383,VK2735 for Weight Management Type 2 Diabetes Phase 3 (VANQUISH 2),ACTIVE_NOT_RECRUITING,INTERVENTIONAL,PHASE3,1100,"Viking Therapeutics, Inc.","Abilene, Austin, Bellaire, Brownsville, Dallas, Frisco, Houston, Lampasas, San Antonio, Seabrook",2025-06-23,2027-08-01
NCT06340854,"A Research Study to See How Switching From a Daily Basal Insulin to a New Weekly Insulin, Insulin Icodec, Helps in Reducing the Blood Sugar Compared to Daily Insulin Glargine in Adults With Type 2 Diabetes",COMPLETED,INTERVENTIONAL,PHASE3,412,Novo Nordisk A/S,"Amarillo, Dallas, Fort Worth, Houston",2024-04-19,2025-06-13
NCT00240383,"Dose Ranging Study With LT, Monotherapy, PPAR",COMPLETED,INTERVENTIONAL,"PHASE2, PHASE3",1260,Bristol-Myers Squibb,"Austin, Corpus Christi, Dallas, Fort Worth, Houston, Irving, Lake Jackson, San Antonio",2002-05,2006-06
NCT01164501,Efficacy and Safety of Empagliflozin (BI 10773) in Patients With Type 2 Diabetes and Renal Impairment,COMPLETED,INTERVENTIONAL,PHASE3,741,Boehringer Ingelheim,"Corpus Christi, Dallas, Houston, San Antonio",2010-07,2012-07
NCT04365400,Assess Efficacy and Safety of Epeleuton in Patients With Hypertriglyceridemia and Type 2 Diabetes,TERMINATED,INTERVENTIONAL,PHASE2,233,Afimmune,"Dallas, Fort Worth, Houston, Missouri City, North Richland Hills, Waco",2020-10-13,2022-05-03
NCT03954834,A Study of Tirzepatide (LY3298176) in Participants With Type 2 Diabetes Not Controlled With Diet and Exercise Alone,COMPLETED,INTERVENTIONAL,PHASE3,478,Eli Lilly and Company,"Dallas, San Antonio, Shavano Park",2019-06-03,2020-10-28
NCT06323174,A Research Study to See How Much CagriSema Lowers Blood Sugar and Body Weight Compared to Placebo in People With Type 2 Diabetes Treated With Diet and Exercise,COMPLETED,INTERVENTIONAL,PHASE3,189,Novo Nordisk A/S,"Amarillo, Austin, Brownsville, Dallas, San Antonio, Shavano Park, Sugar Land, Weslaco",2024-03-19,2025-12-22
NCT05790681,A Study to Test How New Long-acting Insulin (Insulin Icodec) Works in the Body of Children and Teenagers,COMPLETED,INTERVENTIONAL,PHASE1,18,Novo Nordisk A/S,"Amarillo, Schertz",2023-04-25,2024-02-08
NCT07654374,A Study of Aleniglipron in Adults With Obesity or Overweight and Type 2 Diabetes Mellitus (ACCOMPLISH-2),NOT_YET_RECRUITING,INTERVENTIONAL,PHASE3,1100,"Gasherbrum Bio, Inc., a wholly owned subsidiary of Structure Therapeutics","Austin, Farmers Branch, Houston, San Antonio, Wylie",2026-07,2028-11
NCT00065312,An Evaluation of an Oral Antidiabetic Agent for the Treatment of Type 2 Diabetes,COMPLETED,INTERVENTIONAL,PHASE2,,Eli Lilly and Company,San Antonio,,
NCT03315143,Effect of Sotagliflozin on Cardiovascular and Renal Events in Participants With Type 2 Diabetes and Moderate Renal Impairment Who Are at Cardiovascular Risk,TERMINATED,INTERVENTIONAL,PHASE3,10584,Lexicon Pharmaceuticals,"Arlington, Corpus Christi, Dallas, El Paso, Houston, Katy, Mesquite, Plano, San Antonio, Waco",2017-12-19,2020-07-08
NCT01221090,Diabetes Self-Management Models to Reduce Health Disparities,COMPLETED,INTERVENTIONAL,PHASE4,376,Scott and White Hospital & Clinic,Temple,2009-01,2012-05
NCT00645268,"A Multicenter, Double-blind Study to Evaluate the Effect of Pretreatment With a Daily Dose of Sildenafil on the As-Needed Efficacy of Viagra in Men With Erectile Dysfunction and Type 2 Diabetes",COMPLETED,INTERVENTIONAL,PHASE4,300,Pfizer's Upjohn has merged with Mylan to form Viatris Inc.,San Antonio,2002-12,2004-01
NCT00060918,Glycemic Control Of Carvedilol Versus Metoprolol In Patients With Type II Diabetes Mellitus And Hypertension,COMPLETED,INTERVENTIONAL,PHASE4,1210,GlaxoSmithKline,"Dallas, Fort Worth, Georgetown, Midland, San Antonio, The Colony",2001-06,2004-04
NCT01053936,Phase II Pharmacodynamic Trial to Determine the Effects of Bardoxolone Methyl on eGFR in Patients With Type 2 Diabetes and Chronic Kidney Disease,COMPLETED,INTERVENTIONAL,PHASE2,129,Biogen,"Corpus Christi, Dallas, Greenville, Houston, San Antonio",2010-01-31,2011-02-28
NCT06152042,Phase 2 Trial of BMF-219 in Participants With Type 1 Diabetes Mellitus,TERMINATED,INTERVENTIONAL,PHASE2,37,Biomea Fusion Inc.,"Dallas, Round Rock, San Antonio, Shavano Park",2023-12-28,2025-07-18
NCT00549757,Aliskiren Trial in Type 2 Diabetes Using Cardiovascular and Renal Disease Endpoints (Core and Extension Phases),TERMINATED,INTERVENTIONAL,PHASE3,8606,Novartis Pharmaceuticals,"Amarillo, Austin, Dallas, Houston, Irving, McAllen, North Richland Hills, Plano, San Antonio, Temple",2007-10,2013-02
NCT00081328,Treatment Options for Type 2 Diabetes in Adolescents and Youth (TODAY),COMPLETED,INTERVENTIONAL,PHASE3,699,National Institute of Diabetes and Digestive and Kidney Diseases (NIDDK),"Houston, San Antonio",2004-05,2014-02
NCT00476931,Clinical Trial of SB-509 in Subjects With Diabetic Neuropathy,COMPLETED,INTERVENTIONAL,PHASE2,91,Sangamo Therapeutics,"Houston, Midland, San Antonio",2007-05,2010-12
NCT03620357,Continuous Glucose Monitoring & Management In Type 2 Diabetes (T2D),COMPLETED,INTERVENTIONAL,NA,72,"DexCom, Inc.",San Antonio,2018-09-05,2020-11-04
NCT02288273,Study to Evaluate the Effect of BYDUREON on 24-hour Glucose Control in Metformin Treated Patients With Type 2 Diabetes.,COMPLETED,INTERVENTIONAL,PHASE4,239,AstraZeneca,"Corpus Christi, Houston, Katy",2014-12,2015-08
NCT04720170,Exploratory Study of the Efficacy of Standard of Care Revascularization of the Lower Extremity,UNKNOWN,INTERVENTIONAL,NA,30,Diabetes and Glandular Disease Clinic,San Antonio,2021-02-15,2021-09-15
NCT05254002,A Study to Learn How Well the Treatment Combination of Finerenone and Empagliflozin Works and How Safe it is Compared to Each Treatment Alone in Adult Participants With Long-term Kidney Disease (Chronic Kidney Disease) and Type 2 Diabetes,COMPLETED,INTERVENTIONAL,PHASE2,1664,Bayer,"Corpus Christi, Dallas, El Paso, Houston, Lewisville, McAllen, San Antonio",2022-06-23,2025-03-17
NCT01829477,Comparison of TAK-875 to Placebo as an Add-on to Glimepiride in Patients With Type 2 Diabetes,TERMINATED,INTERVENTIONAL,PHASE3,33,Takeda,"Houston, San Antonio, Spring, Tomball",2013-04,2014-02
NCT04101669,RESET System Pivotal Trial (Rev F),RECRUITING,INTERVENTIONAL,NA,264,Morphic Medical Inc.,Houston,2019-09-09,2026-12-01
NCT00418522,This Study Is To Determine If Inhaled Insulin Is Effective In Treating Type 2 Diabetes Mellitus,COMPLETED,INTERVENTIONAL,PHASE4,413,Pfizer,"Arlington, Beaumont, Dallas, El Paso, Houston, San Antonio",2007-03,2008-08
NCT00528879,A Phase III Study of BMS-512148 (Dapagliflozin) in Patients With Type 2 Diabetes Who Are Not Well Controlled on Metformin Alone,COMPLETED,INTERVENTIONAL,PHASE3,915,AstraZeneca,"Houston, San Antonio",2007-09,2010-05
NCT02715258,Safety and Efficacy of Bexagliflozin as Monotherapy in Patients With Type 2 Diabetes,COMPLETED,INTERVENTIONAL,PHASE3,210,Theracos,"DeSoto, Fort Worth",2016-03,2017-04
NCT01142297,Comparative Study of Implant Surfaces to Enhance Stabilization in Patients With Type 2 Diabetes,COMPLETED,INTERVENTIONAL,NA,24,The University of Texas Health Science Center at San Antonio,San Antonio,2008-07,2012-05
NCT01514149,Dose-Ranging Study to Evaluate Efficacy and Safety of Weekly CJC-1134-PC in Patients With T2DM on Metformin Monotherapy,TERMINATED,INTERVENTIONAL,PHASE2,73,ConjuChem,"Austin, Dallas, San Antonio",2011-09,2013-03
NCT02058147,Efficacy and Safety of Insulin Glargine/ Lixisenatide Fixed Ratio Combination Compared to Insulin Glargine Alone and Lixisenatide Alone on Top of Metformin in Patients With T2DM,COMPLETED,INTERVENTIONAL,PHASE3,1170,Sanofi,"Austin, Corpus Christi, Dallas, Edinburg, Fort Worth, Houston, Hurst, N Richland Hill, San Antonio",2014-02,2015-06
NCT00147758,WelChol® and Sulfonylurea in Treating Patients With Type 2 Diabetes,COMPLETED,INTERVENTIONAL,PHASE3,400,Daiichi Sankyo,"Dallas, Houston, Midland, San Antonio",2004-06,2006-08
NCT07321678,"A Study to Evaluate the Efficacy, Safety, and Tolerability of ASC30 Tablets in Participants With Type 2 Diabetes Mellitus",ACTIVE_NOT_RECRUITING,INTERVENTIONAL,PHASE2,100,"Ascletis Pharma (China) Co., Limited",San Antonio,2026-01-22,2026-08
NCT00044148,The Effect of LY333531 on Protein in the Urine in Patients With Type 2 Diabetes,COMPLETED,INTERVENTIONAL,PHASE2,,"Chromaderm, Inc.",Dallas,2002-07-16,2004-04-28
NCT02583919,"Safety, Tolerability and Efficacy of ISIS-GCGRRx in Patients With Type 2 Diabetes",COMPLETED,INTERVENTIONAL,PHASE2,79,"Ionis Pharmaceuticals, Inc.","Houston, Katy",2015-09,2017-05-11
NCT01068678,Comparison of NN1250 With Insulin Glargine in Subjects With Type 2 Diabetes,COMPLETED,INTERVENTIONAL,PHASE3,460,Novo Nordisk A/S,"Amarillo, Arlington, Dallas, Fort Worth, Houston, Irving, Plano, San Antonio",2010-02,2010-11
NCT06016478,The Effect of 4 Weeks of L-Citrulline Supplementation on Macro- and Microvascular Function in Type 2 Diabetes,COMPLETED,INTERVENTIONAL,NA,36,Texas Tech University,Lubbock,2023-05-01,2024-07-01
NCT01400971,An Observational Study to Understand Challenges Associated With Progression of Insulin Therapy in Type 2 Diabetes,COMPLETED,OBSERVATIONAL,,4299,Eli Lilly and Company,"Dallas, Fort Worth, Georgetown, Houston, Plano",2011-07,2015-09
NCT00882726,"A Study of the Safety, Pharmacokinetics, and Pharmacodynamics of CNTO 3649 in Healthy Adults and Patients With Type 2 Diabetes Mellitus",COMPLETED,INTERVENTIONAL,PHASE1,133,"Centocor, Inc.",San Antonio,2009-02,2010-04
NCT05589467,Effects of Potatoes on Blood Pressure in Persons With and Without Type 2 Diabetes Who Follow the DASH Diet for 6 Weeks,COMPLETED,INTERVENTIONAL,NA,26,Texas Tech University,Lubbock,2020-01-21,2022-10-13
NCT03697109,A Study of the Efficacy and Safety of Relacorilant in Patients With Endogenous Cushing Syndrome,COMPLETED,INTERVENTIONAL,PHASE3,152,Corcept Therapeutics,"Dallas, El Paso, Houston, Shavano Park",2018-11-15,2024-04-15
NCT00422487,Safety and Tolerability Study of MBX-2044 in Patients With Type 2 Diabetes,COMPLETED,INTERVENTIONAL,PHASE2,60,Gilead Sciences,San Antonio,2006-10,2007-09
NCT00044408,Treatment for Symptomatic Peripheral Neuropathy in Patients With Diabetes,COMPLETED,INTERVENTIONAL,PHASE3,200,"Chromaderm, Inc.",San Antonio,2002-07,2005-10
NCT06601166,CONtiNuous glucosE Monitoring (CGM) in People wiTh Type 2 Diabetes Not on Insulin,ACTIVE_NOT_RECRUITING,INTERVENTIONAL,NA,283,"DexCom, Inc.","Lubbock, Odessa",2024-08-15,2026-12-16
NCT00978627,Comparison of NN5401 Plus Insulin Aspart With Insulin Detemir Plus Insulin Aspart in Type 1 Diabetes,COMPLETED,INTERVENTIONAL,PHASE3,548,Novo Nordisk A/S,"Dallas, San Antonio",2009-08,2010-05
NCT02307279,Study of Gelesis100 on Body Weight in Overweight and Obese Subjects With and Without Type 2 Diabetes,COMPLETED,INTERVENTIONAL,NA,436,"Gelesis, Inc.","Dallas, Round Rock",2014-11,2017-06
NCT04848480,"A Research Study to Compare a New Weekly Insulin, Insulin Icodec, and an Available Daily Insulin, Insulin Degludec, Both in Combination With Mealtime Insulin in People With Type 1 Diabetes (ONWARDS 6)",COMPLETED,INTERVENTIONAL,PHASE3,582,Novo Nordisk A/S,"Amarillo, Austin, Dallas, Houston, San Antonio",2021-04-30,2022-12-02
NCT07662109,A Phase III Study to Investigate the Efficacy and Safety of the Combination of Elecoglipron and Dapagliflozin in Adults With Type 2 Diabetes Mellitus,RECRUITING,INTERVENTIONAL,PHASE3,2000,AstraZeneca,"Dallas, McKinney, Paris, San Antonio",2026-07-06,2028-07-05
NCT01549964,Comparison of Fasiglifam (TAK-875) to Placebo and Sitagliptin in Combination With Metformin in Participants With Type 2 Diabetes,TERMINATED,INTERVENTIONAL,PHASE3,916,Takeda,"Carrollton, Houston, Irving, Katy, McKinney, Plano, San Antonio, Spring",2012-04,2014-03
NCT01897532,Cardiovascular and Renal Microvascular Outcome Study With Linagliptin in Patients With Type 2 Diabetes Mellitus (CARMELINA),COMPLETED,INTERVENTIONAL,PHASE4,6991,Boehringer Ingelheim,"Austin, Bedford, Dallas, Houston, Irving, Katy, New Braunfels, Odessa, Pearland, San Antonio, Sealy, Sugar Land, Tomball, Victoria",2013-07-10,2018-01-18
NCT05433584,A Study of Tirzepatide Compared With Intensified Conventional Care in Adult Participants With Type 2 Diabetes,ACTIVE_NOT_RECRUITING,INTERVENTIONAL,PHASE4,780,Eli Lilly and Company,Dallas,2022-08-01,2027-11
NCT01191320,Study to Evaluate the Efficacy of Androxal in Controlling Blood Glucose in Men With Type-2 Diabetes Mellitus,COMPLETED,INTERVENTIONAL,PHASE2,102,Repros Therapeutics Inc.,"Austin, Carrollton, Houston, Hurst, Lake Jackson, San Antonio",2010-10,2011-12
NCT02745613,Type 2 Diabetes Affect Exercise Induced Improvement in Insulin Sensitivity,COMPLETED,INTERVENTIONAL,NA,50,"University of Texas, El Paso",El Paso,2016-04,2026-05
NCT00039013,Evaluation of the Effect on Glucose Control of AC2993 in Patients With Type 2 Diabetes Mellitus Treated With Metformin,COMPLETED,INTERVENTIONAL,PHASE3,336,AstraZeneca,"Austin, Dallas, El Paso, Irving, Kingsville, McAllen, San Antonio",2002-03,2003-06
NCT02856113,Phase 3 Alogliptin Pediatric Study,COMPLETED,INTERVENTIONAL,PHASE3,152,Takeda,"Dallas, Houston",2016-10-14,2022-02-14
NCT04265261,A Study to Investigate the Efficacy and Safety of RG7774 in Patients With Diabetes Mellitus Type 1 or Type 2 With Treatment-Naive Diabetic Retinopathy,COMPLETED,INTERVENTIONAL,PHASE2,139,Hoffmann-La Roche,"Abilene, Austin, San Antonio, The Woodlands, Willow Park",2020-06-05,2023-07-19
NCT07165327,Injection Ports vs Single-Use Needles for Insulin in Pregnancy: Effects on Adherence and Satisfaction,NOT_YET_RECRUITING,INTERVENTIONAL,NA,44,University of Texas at Austin,Austin,2025-10,2026-10
NCT02642159,Efficacy and Safety of Alirocumab Versus Usual Care on Top of Maximally Tolerated Statin Therapy in Patients With Type 2 Diabetes and Mixed Dyslipidemia (ODYSSEY DM-Dyslipidemia),COMPLETED,INTERVENTIONAL,PHASE4,413,Sanofi,"Dallas, Houston, Round Rock, Tomball",2016-03-15,2017-05-15
NCT07220759,Weight Loss in People Living With Overweight or Obesity and Type 2 Diabetes Following Treatment With Cagrilintide,ACTIVE_NOT_RECRUITING,INTERVENTIONAL,PHASE3,330,Novo Nordisk A/S,Dallas,2025-11-05,2027-06-30
NCT00968812,CANagliflozin Treatment And Trial Analysis-Sulfonylurea (CANTATA-SU) SGLT2 Add-on to Metformin Versus Glimepiride,COMPLETED,INTERVENTIONAL,PHASE3,1452,"Janssen Research & Development, LLC","Houston, Odessa, Pearland, San Antonio",2009-09,2013-01
